user_id,region,gender,user_age_group,user_preferences,season,product_keywords,previous_buy,suggested_brand,suggested_product
bc2fc0ec,India,Female,30-40,office wear,Spring,"syndo,joggers,tshirt,flipflop",flipflop,Addidas,tshirt
e7e2d456,Pakistan,Male,25-30,sports wear,Spring,"shoes,shorts,fashion,joggers",jeans,Outfitters,shirt
1b15c66d,UAE,Female,18-25,office wear,Winter,"shorts,flipflop,shirts,syndo",joggers,Outfitters,tshirt
478da55a,Pakistan,Male,18-25,office wear,Spring,"shorts,fashion,jeans,tshirt",joggers,Outfitters,tshirt
22b8b354,Pakistan,Female,18-25,office wear,Spring,"jeans,joggers,gens,syndo",shoes,Nike,joggers
92c0d072,Pakistan,Female,30-40,office wear,Spring,"shirts,shorts,tshirt,gens",flipflop,Addidas,tshirt
1c4f27ff,UAE,Female,30-40,party wear,Autumn,"flipflop,syndo,gens,jeans",tshirt,Outfitters,shorts
5ba63e34,India,Male,40+,party wear,Winter,"joggers,fashion,flipflop,shorts",flipflop,Outfitters,tshirt
8f61ab40,India,Male,18-25,sports wear,Autumn,"fashion,gens,flipflop,shirts",shirt,Levis,jeans
869557a4,Pakistan,Male,40+,office wear,Spring,"gens,jeans,shorts,tshirt",flipflop,Outfitters,tshirt
8ea7719f,UAE,Female,30-40,sports wear,Autumn,"shirts,shoes,syndo,joggers",joggers,Addidas,tshirt
ff655429,Pakistan,Female,25-30,sports wear,Autumn,"shirts,flipflop,shoes,joggers",shirt,Nike,shoes
c7a47bc1,UAE,Male,30-40,party wear,Spring,"syndo,gens,flipflop,fashion",shirt,Levis,jeans
b624b7db,Pakistan,Male,25-30,sports wear,Winter,"tshirt,syndo,jeans,joggers",shirt,Zara,jeans
74cffc7d,India,Male,25-30,daily wear,Summer,"shirts,joggers,fashion,syndo",shorts,Addidas,tanktop
f748ac75,India,Male,25-30,daily wear,Winter,"fashion,flipflop,gens,shorts",shirt,Levis,jeans
30850837,India,Female,40+,office wear,Autumn,"joggers,gens,tshirt,flipflop",shorts,Nike,flipflop
bfbacd07,Pakistan,Female,18-25,party wear,Autumn,"joggers,flipflop,tshirt,shirts",tshirt,Levis,shorts
95cd3334,UAE,Male,30-40,daily wear,Autumn,"jeans,gens,shoes,syndo",tshirt,Outfitters,shorts
f70cc362,India,Male,18-25,party wear,Summer,"fashion,shorts,jeans,tshirt",shorts,Addidas,tanktop
9b4837a0,India,Female,40+,sports wear,Winter,"shorts,tshirt,flipflop,jeans",shirt,Addidas,shoes
4c340bd0,Pakistan,Female,25-30,daily wear,Summer,"flipflop,tshirt,shoes,gens",shirt,Zara,jeans
5472be21,UAE,Male,40+,daily wear,Summer,"shirts,jeans,gens,shorts",jeans,Zara,belt
2f69f08a,UAE,Female,40+,daily wear,Spring,"shirts,flipflop,tshirt,gens",joggers,Nike,hoodie
30fba6d7,Pakistan,Male,40+,sports wear,Summer,"syndo,jeans,shorts,flipflop",joggers,Nike,hoodie
a1cf9113,India,Male,40+,office wear,Spring,"syndo,jeans,fashion,joggers",flipflop,Outfitters,shorts
24229a6f,UAE,Female,30-40,daily wear,Autumn,"fashion,shirts,gens,joggers",joggers,Addidas,tshirt
8e29bf24,India,Female,25-30,party wear,Winter,"shoes,shirts,syndo,fashion",joggers,Outfitters,tshirt
702a2fa4,Pakistan,Male,18-25,daily wear,Summer,"gens,shoes,fashion,tshirt",shoes,Nike,joggers
84f61f5d,India,Male,30-40,daily wear,Summer,"joggers,syndo,shorts,shoes",joggers,Nike,hoodie
28691288,Pakistan,Female,25-30,sports wear,Winter,"tshirt,shirts,fashion,syndo",shorts,Addidas,flipflop
7043bea5,Pakistan,Female,40+,daily wear,Winter,"shirts,fashion,syndo,gens",shirt,Nike,shoes
8bd8d4ef,Pakistan,Female,40+,office wear,Winter,"shirts,syndo,jeans,fashion",tshirt,Levis,shorts
8f876707,UAE,Male,25-30,sports wear,Winter,"shoes,syndo,shirts,tshirt",flipflop,Outfitters,shorts
98d6c95f,India,Female,18-25,daily wear,Autumn,"tshirt,gens,fashion,shirts",jeans,Outfitters,shirt
221eb299,Pakistan,Female,25-30,sports wear,Winter,"shoes,flipflop,tshirt,syndo",joggers,Nike,hoodie
b8e8d532,India,Female,40+,office wear,Winter,"joggers,shirts,syndo,fashion",shoes,Addidas,socks
49018973,UAE,Male,40+,daily wear,Summer,"flipflop,gens,shirts,fashion",joggers,Addidas,tshirt
3774a67c,UAE,Male,18-25,daily wear,Spring,"jeans,shoes,gens,tshirt",shirt,Levis,jeans
1fa2e14e,India,Male,18-25,sports wear,Spring,"syndo,jeans,shirts,tshirt",flipflop,Outfitters,tshirt
ded6a28a,Pakistan,Female,18-25,party wear,Summer,"joggers,shoes,gens,flipflop",joggers,Nike,hoodie
7cb73904,India,Male,25-30,party wear,Spring,"shirts,tshirt,flipflop,gens",jeans,Zara,belt
76c8ad93,India,Male,25-30,party wear,Summer,"gens,syndo,jeans,tshirt",jeans,Zara,shirt
9bafca20,India,Male,25-30,office wear,Autumn,"flipflop,shorts,shirts,shoes",tshirt,Levis,shorts
f4765f4c,India,Female,30-40,party wear,Autumn,"flipflop,fashion,shorts,shirts",flipflop,Outfitters,shorts
414358cf,India,Female,25-30,office wear,Summer,"shirts,gens,shoes,jeans",shoes,Nike,joggers
75610334,UAE,Female,40+,sports wear,Summer,"shoes,shirts,joggers,tshirt",shirt,Levis,jeans
e4d3de8a,India,Female,40+,office wear,Spring,"syndo,shoes,fashion,gens",shoes,Levis,joggers
03e5505c,India,Male,40+,office wear,Summer,"shoes,shirts,joggers,jeans",jeans,Zara,belt
66116193,Pakistan,Male,25-30,daily wear,Winter,"shorts,gens,jeans,joggers",flipflop,Outfitters,tshirt
f3de0bdd,Pakistan,Male,30-40,daily wear,Summer,"flipflop,joggers,shorts,fashion",shorts,Addidas,tanktop
2f65026f,UAE,Male,18-25,party wear,Spring,"gens,shorts,tshirt,jeans",jeans,Zara,shirt
0f720b8f,India,Male,30-40,daily wear,Spring,"fashion,tshirt,syndo,flipflop",shoes,Nike,joggers
b6a3fb3b,Pakistan,Male,25-30,party wear,Spring,"shorts,tshirt,gens,shoes",shirt,Levis,jeans
75009d11,Pakistan,Male,40+,office wear,Spring,"tshirt,fashion,jeans,syndo",shorts,Nike,flipflop
764758ca,India,Female,40+,daily wear,Winter,"flipflop,gens,shoes,joggers",flipflop,Outfitters,tshirt
fc54a530,Pakistan,Female,18-25,office wear,Spring,"gens,tshirt,joggers,flipflop",shorts,Addidas,tanktop
e1a1aacb,Pakistan,Male,40+,office wear,Autumn,"syndo,joggers,shoes,jeans",shorts,Addidas,flipflop
20177cb8,Pakistan,Female,25-30,sports wear,Winter,"joggers,fashion,syndo,shirts",joggers,Outfitters,tshirt
15cfeb26,Pakistan,Female,18-25,party wear,Summer,"shirts,shorts,jeans,flipflop",flipflop,Outfitters,shorts
aef9cec9,UAE,Female,30-40,sports wear,Winter,"syndo,jeans,flipflop,gens",tshirt,Outfitters,shorts
74c551f6,Pakistan,Male,18-25,party wear,Winter,"shirts,syndo,flipflop,shoes",joggers,Nike,hoodie
a3931de7,India,Female,30-40,daily wear,Spring,"shirts,joggers,syndo,shorts",joggers,Nike,hoodie
8e9d0ccb,India,Female,18-25,sports wear,Spring,"syndo,joggers,shirts,jeans",shirt,Addidas,shoes
d85c526e,Pakistan,Male,25-30,sports wear,Summer,"shoes,flipflop,syndo,shirts",joggers,Nike,hoodie
3eb5dab8,India,Female,40+,office wear,Summer,"syndo,jeans,joggers,tshirt",tshirt,Levis,shorts
d66bf4f1,India,Male,30-40,party wear,Spring,"shorts,fashion,tshirt,shoes",flipflop,Addidas,tshirt
c577f1a0,UAE,Female,25-30,daily wear,Summer,"tshirt,shirts,joggers,flipflop",flipflop,Levis,shorts
484d7ebf,India,Female,18-25,sports wear,Summer,"jeans,flipflop,tshirt,gens",shorts,Addidas,tanktop
075ff678,Pakistan,Male,30-40,daily wear,Summer,"syndo,joggers,shorts,tshirt",shirt,Zara,jeans
3aad8646,Pakistan,Female,18-25,office wear,Summer,"flipflop,shirts,shoes,gens",shirt,Nike,shoes
4c0ab11c,Pakistan,Male,25-30,party wear,Spring,"jeans,tshirt,syndo,gens",joggers,Outfitters,tshirt
eecba62a,Pakistan,Female,18-25,office wear,Autumn,"gens,shorts,fashion,flipflop",shorts,Addidas,flipflop
16f90311,UAE,Male,25-30,party wear,Autumn,"jeans,joggers,fashion,shirts",jeans,Zara,belt
3ec59bca,Pakistan,Female,18-25,office wear,Winter,"shirts,syndo,fashion,flipflop",shoes,Nike,joggers
1e5eeb37,India,Male,25-30,daily wear,Winter,"shoes,shirts,jeans,flipflop",shorts,Addidas,tanktop
bd94ef63,Pakistan,Female,40+,daily wear,Winter,"gens,shirts,joggers,fashion",tshirt,Levis,shorts
12667182,India,Male,30-40,party wear,Spring,"shorts,gens,jeans,flipflop",shorts,Nike,flipflop
6ee7ec28,Pakistan,Female,25-30,daily wear,Autumn,"shorts,shoes,jeans,flipflop",shorts,Addidas,tanktop
b8030d36,Pakistan,Female,30-40,sports wear,Spring,"fashion,flipflop,joggers,gens",joggers,Nike,hoodie
d609705b,Pakistan,Male,18-25,daily wear,Summer,"joggers,shoes,flipflop,gens",jeans,Outfitters,shirt
4d3133b7,UAE,Male,18-25,office wear,Winter,"tshirt,joggers,shorts,syndo",flipflop,Addidas,tshirt
7c4f20ae,UAE,Female,40+,party wear,Winter,"flipflop,fashion,shirts,tshirt",shirt,Nike,shoes
9a1e4d55,UAE,Male,25-30,party wear,Winter,"fashion,syndo,jeans,gens",shorts,Nike,flipflop
c3aa8b4d,UAE,Female,40+,office wear,Summer,"joggers,gens,fashion,flipflop",tshirt,Nike,flipflop
cf36c123,Pakistan,Female,18-25,office wear,Spring,"syndo,jeans,gens,joggers",shirt,Zara,jeans
613f5709,India,Female,18-25,office wear,Autumn,"shoes,shorts,flipflop,syndo",shirt,Nike,shoes
da35bcd2,India,Female,18-25,sports wear,Spring,"flipflop,shirts,shorts,jeans",tshirt,Nike,flipflop
fac981e5,Pakistan,Female,30-40,party wear,Summer,"fashion,shorts,tshirt,flipflop",shorts,Addidas,flipflop
b46fce5f,UAE,Male,30-40,office wear,Spring,"jeans,flipflop,shorts,fashion",shirt,Zara,jeans
7f7f32ef,Pakistan,Male,40+,party wear,Autumn,"fashion,gens,jeans,syndo",flipflop,Outfitters,tshirt
2246735f,Pakistan,Male,30-40,office wear,Summer,"flipflop,shorts,shirts,shoes",jeans,Outfitters,shirt
ae3e23ec,Pakistan,Female,18-25,daily wear,Summer,"shirts,joggers,tshirt,fashion",joggers,Nike,hoodie
37768d3e,Pakistan,Female,30-40,office wear,Winter,"shirts,tshirt,shoes,fashion",flipflop,Outfitters,shorts
ed7813c8,India,Male,18-25,daily wear,Spring,"syndo,flipflop,shorts,gens",tshirt,Nike,flipflop
e7bbb8ac,UAE,Female,25-30,daily wear,Spring,"syndo,tshirt,shoes,gens",jeans,Zara,shirt
581914c3,India,Female,40+,sports wear,Winter,"shorts,tshirt,flipflop,syndo",tshirt,Addidas,flipflop
354be030,Pakistan,Female,25-30,sports wear,Autumn,"shoes,fashion,flipflop,shirts",shoes,Addidas,socks
92f4916c,Pakistan,Female,25-30,office wear,Summer,"shoes,flipflop,gens,syndo",joggers,Nike,hoodie
5e617970,Pakistan,Female,18-25,daily wear,Spring,"jeans,gens,fashion,shoes",joggers,Nike,hoodie
2cddc3ee,India,Female,40+,daily wear,Spring,"shirts,shoes,shorts,flipflop",shoes,Nike,joggers
da129445,India,Female,18-25,party wear,Autumn,"joggers,syndo,flipflop,shirts",shirt,Zara,jeans
f91d6fb1,Pakistan,Male,30-40,sports wear,Spring,"shirts,shorts,tshirt,gens",flipflop,Outfitters,shorts
63a83d3c,India,Female,18-25,daily wear,Winter,"fashion,joggers,syndo,gens",shorts,Addidas,flipflop
7c394361,India,Female,18-25,sports wear,Spring,"jeans,shoes,shorts,gens",joggers,Nike,hoodie
36d2ba1f,UAE,Female,40+,office wear,Winter,"gens,joggers,flipflop,jeans",jeans,Outfitters,shirt
cbde460c,India,Male,40+,office wear,Spring,"shirts,syndo,joggers,shorts",shirt,Addidas,shoes
1a5a25e2,Pakistan,Female,18-25,sports wear,Winter,"tshirt,shoes,shorts,shirts",flipflop,Levis,shorts
1a38f58f,India,Female,18-25,daily wear,Winter,"shoes,fashion,shorts,shirts",shorts,Addidas,flipflop
833856e1,Pakistan,Male,30-40,sports wear,Spring,"shirts,flipflop,fashion,joggers",tshirt,Nike,flipflop
27a33ca3,India,Female,30-40,daily wear,Spring,"flipflop,jeans,syndo,shirts",shirt,Addidas,shoes
afbc7597,India,Male,30-40,daily wear,Spring,"gens,shirts,flipflop,fashion",shoes,Addidas,socks
7dfd6278,Pakistan,Female,25-30,daily wear,Winter,"flipflop,syndo,shoes,shorts",tshirt,Addidas,flipflop
aea7f9d9,India,Female,25-30,office wear,Autumn,"flipflop,syndo,joggers,shoes",tshirt,Levis,shorts
73d98163,Pakistan,Male,25-30,office wear,Winter,"fashion,flipflop,jeans,tshirt",joggers,Addidas,tshirt
849dec74,Pakistan,Female,30-40,sports wear,Autumn,"shoes,fashion,shirts,jeans",tshirt,Levis,shorts
9a83bb42,Pakistan,Male,25-30,office wear,Autumn,"tshirt,jeans,shorts,gens",flipflop,Levis,shorts
c20bd2d1,Pakistan,Male,40+,office wear,Summer,"shirts,gens,shorts,fashion",shorts,Addidas,tanktop
63a1d24a,India,Female,25-30,party wear,Winter,"gens,shirts,fashion,shoes",joggers,Nike,hoodie
6f2189a9,UAE,Male,18-25,sports wear,Autumn,"jeans,shoes,flipflop,shirts",shoes,Nike,joggers
a14371e4,India,Female,40+,party wear,Winter,"flipflop,syndo,tshirt,shirts",shoes,Addidas,socks
df20299f,India,Male,25-30,daily wear,Autumn,"shoes,shirts,gens,tshirt",shoes,Addidas,socks
180daf17,India,Male,40+,party wear,Autumn,"fashion,shorts,shoes,tshirt",flipflop,Levis,shorts
fcd8fa49,Pakistan,Male,25-30,daily wear,Autumn,"shirts,jeans,fashion,flipflop",flipflop,Outfitters,tshirt
166f49ef,Pakistan,Female,25-30,sports wear,Autumn,"shoes,gens,fashion,jeans",joggers,Addidas,tshirt
4ae373fe,UAE,Female,40+,sports wear,Spring,"shirts,fashion,tshirt,flipflop",jeans,Outfitters,shirt
c3fa7055,India,Female,18-25,sports wear,Summer,"joggers,syndo,jeans,tshirt",tshirt,Outfitters,shorts
c3e2e425,Pakistan,Male,40+,office wear,Winter,"gens,shirts,jeans,tshirt",shirt,Addidas,shoes
2a50d1b8,India,Male,25-30,daily wear,Autumn,"syndo,fashion,flipflop,jeans",joggers,Outfitters,tshirt
e03947c7,Pakistan,Male,18-25,daily wear,Autumn,"flipflop,fashion,shirts,gens",joggers,Nike,hoodie
dcc00516,UAE,Male,25-30,daily wear,Winter,"fashion,gens,syndo,jeans",shoes,Addidas,socks
c6f65ebc,Pakistan,Female,40+,sports wear,Autumn,"gens,fashion,joggers,tshirt",shirt,Zara,jeans
fa2cfe4b,UAE,Male,18-25,party wear,Summer,"fashion,jeans,gens,joggers",jeans,Zara,belt
1678278a,Pakistan,Female,18-25,daily wear,Summer,"joggers,shirts,syndo,fashion",joggers,Nike,hoodie
b21ae9c4,Pakistan,Male,18-25,daily wear,Winter,"syndo,joggers,shirts,fashion",joggers,Addidas,tshirt
f68743d8,India,Male,30-40,office wear,Winter,"shorts,syndo,tshirt,shirts",shorts,Addidas,flipflop
7fc797fa,Pakistan,Female,25-30,party wear,Autumn,"shirts,shorts,syndo,shoes",joggers,Nike,hoodie
d4fc757c,UAE,Male,25-30,party wear,Autumn,"tshirt,shirts,jeans,shoes",jeans,Zara,belt
8330d154,Pakistan,Female,40+,sports wear,Winter,"tshirt,shoes,flipflop,jeans",tshirt,Nike,flipflop
880625cd,UAE,Female,18-25,office wear,Summer,"tshirt,syndo,gens,shoes",flipflop,Addidas,tshirt
7f478ae9,UAE,Male,30-40,daily wear,Summer,"shirts,fashion,shorts,gens",joggers,Nike,hoodie
a1c6d3d6,Pakistan,Male,30-40,sports wear,Summer,"tshirt,jeans,shorts,fashion",shirt,Levis,jeans
79f5e727,Pakistan,Male,30-40,sports wear,Autumn,"gens,fashion,shorts,tshirt",flipflop,Addidas,tshirt
d482184a,India,Female,30-40,party wear,Summer,"jeans,gens,shorts,shoes",shoes,Levis,joggers
8a17b1c1,Pakistan,Male,25-30,sports wear,Autumn,"flipflop,shorts,tshirt,fashion",shirt,Zara,jeans
6b39d7b2,Pakistan,Female,40+,party wear,Autumn,"shirts,fashion,shorts,syndo",flipflop,Outfitters,tshirt
d274acbd,India,Female,25-30,sports wear,Winter,"shorts,fashion,syndo,tshirt",flipflop,Outfitters,tshirt
bb2911c6,UAE,Male,40+,daily wear,Autumn,"joggers,gens,tshirt,shirts",joggers,Outfitters,tshirt
308bc546,UAE,Male,30-40,daily wear,Spring,"fashion,shoes,shorts,jeans",shorts,Addidas,tanktop
36a7654a,India,Female,40+,party wear,Summer,"syndo,shoes,tshirt,shirts",shirt,Levis,jeans
c53cd1dc,UAE,Male,25-30,sports wear,Autumn,"tshirt,flipflop,gens,shorts",shoes,Addidas,socks
a2d954aa,Pakistan,Male,30-40,party wear,Spring,"tshirt,gens,flipflop,shoes",joggers,Outfitters,tshirt
5182ed4d,Pakistan,Female,25-30,party wear,Winter,"shorts,shoes,syndo,joggers",shirt,Nike,shoes
d5090b84,India,Female,40+,sports wear,Autumn,"fashion,shirts,shoes,joggers",jeans,Outfitters,shirt
ed97faea,UAE,Male,18-25,sports wear,Summer,"shirts,fashion,flipflop,joggers",flipflop,Levis,shorts
473d3c76,Pakistan,Female,30-40,daily wear,Autumn,"syndo,jeans,flipflop,shirts",joggers,Nike,hoodie
f5d907e0,Pakistan,Male,40+,daily wear,Spring,"shorts,gens,jeans,tshirt",shoes,Addidas,socks
199d6835,India,Male,40+,party wear,Autumn,"flipflop,shoes,shorts,syndo",joggers,Outfitters,tshirt
4ddf9901,Pakistan,Female,25-30,office wear,Summer,"flipflop,shirts,fashion,shorts",shirt,Nike,shoes
63e72936,UAE,Male,40+,party wear,Spring,"shorts,jeans,fashion,shirts",shirt,Nike,shoes
8fdc13a5,UAE,Female,40+,office wear,Spring,"joggers,syndo,gens,fashion",jeans,Zara,belt
9928d2c2,India,Male,18-25,sports wear,Spring,"shirts,jeans,syndo,gens",jeans,Outfitters,shirt
c2d25d9d,UAE,Female,25-30,sports wear,Autumn,"joggers,gens,jeans,tshirt",joggers,Outfitters,tshirt
fe6ea268,India,Female,30-40,office wear,Spring,"shorts,shoes,fashion,shirts",shoes,Addidas,socks
96ea4ef9,Pakistan,Male,18-25,sports wear,Spring,"fashion,shoes,shirts,flipflop",shirt,Zara,jeans
0f470e36,UAE,Female,40+,office wear,Spring,"fashion,shorts,syndo,jeans",jeans,Zara,belt
7042ae73,India,Female,40+,sports wear,Winter,"fashion,gens,tshirt,syndo",flipflop,Addidas,tshirt
4b9aadc1,Pakistan,Male,40+,daily wear,Spring,"fashion,joggers,tshirt,jeans",shirt,Levis,jeans
5c00a1f1,Pakistan,Female,25-30,sports wear,Summer,"shoes,shirts,gens,fashion",joggers,Nike,hoodie
2fd5ffd0,UAE,Female,25-30,office wear,Summer,"fashion,tshirt,shorts,syndo",jeans,Zara,belt
d915e3f7,India,Male,18-25,party wear,Autumn,"flipflop,tshirt,shoes,syndo",shirt,Nike,shoes
500cb0ce,UAE,Female,40+,office wear,Autumn,"jeans,shirts,tshirt,joggers",tshirt,Addidas,flipflop
2971cbdc,Pakistan,Female,40+,office wear,Spring,"joggers,gens,flipflop,syndo",flipflop,Levis,shorts
57cf44a5,India,Male,18-25,office wear,Winter,"fashion,shoes,joggers,shorts",shirt,Nike,shoes
33d46641,Pakistan,Male,40+,sports wear,Winter,"jeans,shoes,joggers,shorts",shirt,Levis,jeans
92e15573,UAE,Female,40+,daily wear,Autumn,"fashion,joggers,gens,syndo",shorts,Nike,flipflop
22c9d730,UAE,Male,40+,sports wear,Winter,"joggers,shoes,shirts,syndo",joggers,Nike,hoodie
e1bc3f27,UAE,Male,18-25,daily wear,Autumn,"tshirt,flipflop,shoes,gens",tshirt,Outfitters,shorts
4f23bf72,UAE,Male,18-25,office wear,Summer,"flipflop,tshirt,shirts,shorts",shoes,Nike,joggers
32b57e1d,UAE,Female,18-25,office wear,Winter,"fashion,flipflop,tshirt,shorts",joggers,Addidas,tshirt
1c530f4d,Pakistan,Female,40+,party wear,Summer,"jeans,shirts,syndo,shoes",joggers,Outfitters,tshirt
396612a2,Pakistan,Male,18-25,daily wear,Spring,"fashion,shoes,jeans,joggers",flipflop,Outfitters,shorts
58ea7e8a,Pakistan,Female,40+,office wear,Spring,"shorts,shoes,flipflop,gens",tshirt,Levis,shorts
88b25cf2,UAE,Male,40+,sports wear,Winter,"flipflop,gens,shirts,jeans",shoes,Nike,joggers
ced4e89f,India,Male,18-25,office wear,Winter,"syndo,fashion,shorts,joggers",tshirt,Nike,flipflop
f70bb667,UAE,Female,40+,office wear,Spring,"jeans,shoes,shirts,flipflop",shorts,Addidas,tanktop
71ceb269,Pakistan,Male,30-40,office wear,Summer,"syndo,flipflop,shirts,fashion",tshirt,Nike,flipflop
b695a9b5,UAE,Female,25-30,daily wear,Winter,"shorts,joggers,jeans,shirts",jeans,Zara,shirt
cacb9d40,Pakistan,Male,30-40,party wear,Autumn,"flipflop,syndo,gens,shoes",joggers,Nike,hoodie
61e423e8,Pakistan,Male,30-40,office wear,Spring,"tshirt,shoes,gens,fashion",joggers,Outfitters,tshirt
e71780b1,Pakistan,Male,40+,sports wear,Summer,"shorts,tshirt,shoes,syndo",shirt,Nike,shoes
342234be,Pakistan,Male,30-40,party wear,Summer,"fashion,shoes,flipflop,gens",shoes,Addidas,socks
c16d2bb3,Pakistan,Male,18-25,sports wear,Spring,"shorts,tshirt,shoes,jeans",shoes,Levis,joggers
40aff18f,Pakistan,Male,40+,office wear,Winter,"jeans,tshirt,flipflop,shoes",shirt,Nike,shoes
411143e2,Pakistan,Female,40+,party wear,Winter,"gens,jeans,shoes,shorts",shoes,Levis,joggers
3027ff24,India,Female,25-30,office wear,Autumn,"gens,fashion,shirts,flipflop",shirt,Levis,jeans
2a6cf8ad,Pakistan,Female,25-30,office wear,Summer,"joggers,fashion,shirts,tshirt",shoes,Addidas,socks
7694d797,UAE,Male,30-40,daily wear,Autumn,"shoes,gens,tshirt,fashion",shoes,Levis,joggers
e94113cd,Pakistan,Male,25-30,daily wear,Summer,"shoes,shorts,fashion,shirts",shirt,Addidas,shoes
74ff99f8,UAE,Male,25-30,office wear,Summer,"flipflop,shirts,syndo,fashion",tshirt,Nike,flipflop
ea480679,India,Male,40+,sports wear,Winter,"flipflop,jeans,gens,joggers",tshirt,Addidas,flipflop
fa3d51b0,Pakistan,Male,30-40,party wear,Winter,"joggers,shoes,syndo,flipflop",shorts,Addidas,tanktop
3ec4c216,Pakistan,Female,25-30,daily wear,Summer,"shorts,joggers,flipflop,shirts",joggers,Nike,hoodie
9ff5fe16,Pakistan,Female,40+,sports wear,Winter,"shirts,shoes,gens,syndo",shoes,Nike,joggers
325f0585,India,Male,40+,sports wear,Spring,"flipflop,joggers,fashion,shoes",shorts,Addidas,flipflop
c2b80de5,Pakistan,Male,30-40,office wear,Autumn,"shirts,gens,fashion,joggers",shorts,Addidas,tanktop
b7cd2e8c,India,Male,18-25,party wear,Summer,"syndo,joggers,flipflop,shoes",shorts,Addidas,tanktop
bed2fec2,India,Male,40+,sports wear,Spring,"shoes,shirts,shorts,fashion",shoes,Addidas,socks
401c0aa5,Pakistan,Male,30-40,daily wear,Spring,"joggers,syndo,shirts,shoes",joggers,Addidas,tshirt
6ef35042,Pakistan,Female,30-40,party wear,Spring,"shirts,joggers,tshirt,fashion",shirt,Addidas,shoes
9670c370,UAE,Male,25-30,office wear,Summer,"jeans,shoes,fashion,syndo",shirt,Nike,shoes
33fa4a84,Pakistan,Female,25-30,sports wear,Winter,"tshirt,syndo,flipflop,jeans",tshirt,Nike,flipflop
729e6ba8,India,Male,40+,daily wear,Autumn,"shoes,shirts,syndo,gens",shoes,Addidas,socks
59f1a174,Pakistan,Female,18-25,party wear,Spring,"shoes,shorts,shirts,tshirt",shirt,Addidas,shoes
db663444,India,Female,40+,sports wear,Autumn,"flipflop,syndo,tshirt,shoes",jeans,Outfitters,shirt
4ddfc057,UAE,Male,25-30,daily wear,Winter,"shoes,jeans,fashion,syndo",tshirt,Addidas,flipflop
e87a89dd,Pakistan,Female,40+,party wear,Summer,"shoes,fashion,jeans,gens",joggers,Nike,hoodie
bfad168b,Pakistan,Female,40+,sports wear,Winter,"fashion,shirts,joggers,jeans",flipflop,Levis,shorts
6dfa3112,Pakistan,Male,30-40,sports wear,Summer,"joggers,flipflop,shirts,syndo",joggers,Outfitters,tshirt
6ebc558d,UAE,Female,40+,daily wear,Spring,"gens,shorts,flipflop,jeans",shirt,Nike,shoes
6741fe75,Pakistan,Female,40+,daily wear,Summer,"shirts,flipflop,jeans,syndo",jeans,Zara,belt
6da0598c,Pakistan,Male,25-30,sports wear,Spring,"joggers,fashion,jeans,shirts",shirt,Zara,jeans
a34c1b44,India,Female,40+,daily wear,Summer,"fashion,jeans,tshirt,shorts",shoes,Levis,joggers
a8456d25,India,Male,30-40,daily wear,Summer,"joggers,shorts,fashion,syndo",shorts,Addidas,tanktop
ef33d214,India,Female,18-25,office wear,Winter,"syndo,gens,joggers,jeans",jeans,Zara,shirt
8d1515db,Pakistan,Female,18-25,office wear,Spring,"joggers,tshirt,shoes,fashion",shirt,Levis,jeans
f0b4c873,India,Male,40+,office wear,Winter,"gens,syndo,flipflop,jeans",joggers,Nike,hoodie
6ed6206d,UAE,Male,25-30,daily wear,Winter,"gens,joggers,tshirt,flipflop",joggers,Nike,hoodie
149f44c7,India,Male,18-25,office wear,Autumn,"syndo,shorts,gens,shoes",jeans,Zara,belt
d02c67b6,India,Female,30-40,office wear,Winter,"joggers,syndo,flipflop,gens",joggers,Nike,hoodie
6fa6c7b3,UAE,Female,40+,daily wear,Spring,"syndo,tshirt,shirts,gens",shorts,Addidas,tanktop
f19d245b,India,Male,18-25,sports wear,Summer,"syndo,jeans,shorts,gens",tshirt,Addidas,flipflop
f51a1344,Pakistan,Female,18-25,daily wear,Autumn,"flipflop,shoes,joggers,jeans",shorts,Nike,flipflop
ea28b304,UAE,Male,18-25,office wear,Summer,"shoes,gens,tshirt,joggers",shorts,Addidas,flipflop
d648d249,UAE,Male,40+,party wear,Spring,"tshirt,jeans,syndo,flipflop",shoes,Levis,joggers
da22ac10,Pakistan,Female,30-40,party wear,Spring,"tshirt,joggers,shirts,shoes",joggers,Nike,hoodie
a74489e5,UAE,Female,25-30,daily wear,Winter,"gens,syndo,fashion,jeans",tshirt,Outfitters,shorts
591d1540,India,Female,25-30,sports wear,Winter,"shoes,gens,syndo,shirts",shoes,Addidas,socks
cbf33699,India,Male,30-40,daily wear,Summer,"gens,shoes,shirts,tshirt",shorts,Addidas,tanktop
86f010d3,Pakistan,Female,40+,daily wear,Spring,"syndo,gens,joggers,tshirt",shoes,Addidas,socks
cad9ead4,Pakistan,Female,30-40,office wear,Autumn,"fashion,joggers,jeans,shoes",shirt,Nike,shoes
c8a9388e,India,Female,25-30,daily wear,Winter,"shorts,jeans,tshirt,shirts",shirt,Addidas,shoes
0adffd5a,Pakistan,Male,25-30,party wear,Autumn,"shirts,flipflop,shoes,syndo",joggers,Nike,hoodie
c8f5e9f7,Pakistan,Female,30-40,sports wear,Winter,"shirts,jeans,flipflop,syndo",flipflop,Addidas,tshirt
d32fa726,India,Male,25-30,party wear,Winter,"shirts,gens,tshirt,jeans",jeans,Outfitters,shirt
85304cb1,Pakistan,Female,18-25,office wear,Summer,"shorts,flipflop,joggers,jeans",jeans,Zara,belt
2b8431e4,India,Male,25-30,sports wear,Spring,"gens,shorts,tshirt,flipflop",tshirt,Nike,flipflop
4675acae,Pakistan,Female,40+,sports wear,Autumn,"shirts,jeans,gens,shorts",tshirt,Addidas,flipflop
fc9efd4b,UAE,Female,40+,office wear,Winter,"shirts,gens,syndo,joggers",shoes,Addidas,socks
9dfb648c,Pakistan,Female,40+,daily wear,Winter,"fashion,tshirt,jeans,shorts",shorts,Addidas,flipflop
452d3d66,India,Female,30-40,daily wear,Summer,"syndo,joggers,shorts,fashion",shirt,Zara,jeans
5ae7881f,India,Female,25-30,office wear,Summer,"joggers,flipflop,jeans,syndo",tshirt,Nike,flipflop
d90b65cc,Pakistan,Male,18-25,daily wear,Spring,"flipflop,jeans,fashion,syndo",joggers,Outfitters,tshirt
8f3888b4,UAE,Female,40+,office wear,Autumn,"joggers,fashion,shoes,jeans",shorts,Addidas,flipflop
aee9b863,UAE,Female,25-30,office wear,Winter,"shorts,joggers,shirts,gens",shirt,Zara,jeans
d0282d2c,India,Male,25-30,sports wear,Winter,"gens,shoes,tshirt,joggers",joggers,Addidas,tshirt
8be52621,Pakistan,Male,18-25,daily wear,Spring,"jeans,flipflop,syndo,joggers",tshirt,Outfitters,shorts
309ec9fd,UAE,Female,18-25,sports wear,Winter,"fashion,tshirt,joggers,shorts",shirt,Levis,jeans
ca1fc699,India,Female,25-30,daily wear,Summer,"flipflop,shirts,shoes,syndo",jeans,Zara,belt
78cae18d,UAE,Female,30-40,party wear,Autumn,"shoes,fashion,shorts,jeans",joggers,Addidas,tshirt
c312143a,Pakistan,Male,25-30,daily wear,Winter,"fashion,shoes,syndo,shirts",shorts,Nike,flipflop
3b3499ef,UAE,Male,40+,office wear,Summer,"syndo,fashion,shirts,gens",shorts,Nike,flipflop
1b47d9b9,India,Female,30-40,daily wear,Summer,"shorts,shoes,syndo,flipflop",tshirt,Nike,flipflop
8e290b20,India,Female,18-25,sports wear,Summer,"shorts,syndo,shirts,gens",shirt,Zara,jeans
f98d52b5,Pakistan,Female,40+,daily wear,Winter,"tshirt,shorts,flipflop,fashion",shirt,Addidas,shoes
99e1a46c,India,Female,25-30,party wear,Summer,"syndo,jeans,shirts,tshirt",jeans,Zara,belt
3c1eac1c,UAE,Male,25-30,sports wear,Autumn,"joggers,jeans,gens,shorts",jeans,Zara,belt
c8f10e1e,Pakistan,Female,18-25,party wear,Summer,"shirts,shoes,joggers,syndo",tshirt,Outfitters,shorts
eee20f9b,UAE,Male,40+,party wear,Summer,"shorts,syndo,fashion,flipflop",shorts,Addidas,tanktop
18457173,UAE,Male,25-30,sports wear,Spring,"shorts,fashion,shoes,syndo",shirt,Levis,jeans
88759c85,India,Female,30-40,party wear,Summer,"shoes,jeans,shorts,joggers",shoes,Levis,joggers
a697d682,UAE,Female,30-40,daily wear,Autumn,"shorts,joggers,fashion,tshirt",shoes,Levis,joggers
722d935b,UAE,Male,30-40,sports wear,Autumn,"shirts,shorts,shoes,joggers",shirt,Nike,shoes
c96ecb10,India,Female,25-30,daily wear,Winter,"jeans,tshirt,gens,syndo",shirt,Addidas,shoes
201bcda2,UAE,Female,18-25,daily wear,Summer,"flipflop,joggers,shoes,syndo",shirt,Levis,jeans
c955ad9e,India,Female,30-40,office wear,Winter,"shirts,shorts,syndo,jeans",joggers,Nike,hoodie
fb7149b1,Pakistan,Male,25-30,party wear,Winter,"joggers,shirts,shoes,jeans",shorts,Addidas,tanktop
17b33abb,UAE,Female,18-25,office wear,Winter,"fashion,joggers,jeans,shirts",shirt,Addidas,shoes
f52991f7,UAE,Female,30-40,sports wear,Autumn,"tshirt,flipflop,syndo,gens",tshirt,Nike,flipflop
a56dee94,India,Female,18-25,sports wear,Summer,"fashion,flipflop,syndo,gens",jeans,Zara,shirt
74ea7293,India,Male,18-25,daily wear,Summer,"shorts,shirts,fashion,jeans",flipflop,Addidas,tshirt
50bee5a7,UAE,Male,40+,party wear,Summer,"shoes,flipflop,shirts,gens",jeans,Zara,shirt
0540814e,UAE,Male,30-40,daily wear,Spring,"joggers,shorts,jeans,tshirt",tshirt,Levis,shorts
1e9aa0f3,Pakistan,Male,30-40,office wear,Winter,"fashion,shirts,shoes,gens",tshirt,Outfitters,shorts
f6536c42,Pakistan,Male,25-30,sports wear,Winter,"syndo,tshirt,flipflop,shirts",joggers,Outfitters,tshirt
e47d90b6,India,Female,40+,daily wear,Winter,"syndo,joggers,tshirt,fashion",tshirt,Nike,flipflop
08561453,Pakistan,Male,18-25,sports wear,Spring,"shirts,fashion,flipflop,shoes",shirt,Zara,jeans
d8914a2c,Pakistan,Male,40+,daily wear,Winter,"tshirt,joggers,shoes,shirts",shoes,Addidas,socks
11b430b4,UAE,Male,40+,party wear,Summer,"flipflop,gens,syndo,tshirt",shoes,Addidas,socks
beb795a7,UAE,Male,18-25,party wear,Autumn,"gens,tshirt,shoes,shorts",shorts,Addidas,flipflop
b4fd679a,Pakistan,Male,40+,sports wear,Summer,"jeans,syndo,gens,shoes",shorts,Addidas,flipflop
541fd5b4,India,Male,40+,sports wear,Spring,"shorts,joggers,fashion,shoes",shirt,Levis,jeans
aa2182f9,Pakistan,Female,40+,party wear,Autumn,"flipflop,shirts,jeans,tshirt",flipflop,Outfitters,tshirt
4d2c89e1,India,Female,40+,daily wear,Winter,"flipflop,gens,jeans,fashion",shorts,Addidas,tanktop
96f0089b,Pakistan,Male,18-25,daily wear,Spring,"syndo,shirts,jeans,flipflop",shorts,Addidas,tanktop
4f6cf1ea,India,Male,25-30,office wear,Spring,"shoes,tshirt,gens,shirts",shirt,Nike,shoes
d97776a1,India,Female,40+,office wear,Autumn,"fashion,tshirt,shoes,joggers",flipflop,Addidas,tshirt
80b4a52e,Pakistan,Male,30-40,party wear,Winter,"tshirt,gens,fashion,jeans",tshirt,Levis,shorts
f163f15a,Pakistan,Male,40+,daily wear,Summer,"flipflop,tshirt,gens,shirts",joggers,Nike,hoodie
123d0ff4,UAE,Female,30-40,office wear,Winter,"fashion,joggers,flipflop,jeans",tshirt,Levis,shorts
44a6caf3,India,Female,18-25,office wear,Summer,"jeans,shoes,joggers,shirts",joggers,Nike,hoodie
3bb4c572,India,Male,30-40,office wear,Winter,"shirts,flipflop,fashion,joggers",jeans,Outfitters,shirt
ff543f3a,Pakistan,Female,40+,office wear,Winter,"shirts,shorts,syndo,gens",shirt,Zara,jeans
afc550dc,Pakistan,Male,40+,party wear,Autumn,"shirts,syndo,flipflop,shoes",jeans,Zara,shirt
8a96e17c,India,Male,30-40,office wear,Spring,"shirts,syndo,shoes,shorts",jeans,Zara,shirt
81e55d10,India,Female,40+,sports wear,Summer,"joggers,shoes,shirts,shorts",jeans,Outfitters,shirt
6e3abaa6,Pakistan,Female,18-25,daily wear,Spring,"jeans,joggers,shirts,fashion",shirt,Levis,jeans
3c4a6ef7,UAE,Male,40+,daily wear,Spring,"joggers,fashion,tshirt,syndo",shorts,Addidas,tanktop
479a749d,India,Female,40+,daily wear,Autumn,"flipflop,fashion,joggers,syndo",shirt,Levis,jeans
5e560b1d,India,Female,30-40,office wear,Spring,"jeans,flipflop,gens,shoes",joggers,Addidas,tshirt
0f296f1c,UAE,Male,18-25,sports wear,Autumn,"jeans,syndo,flipflop,joggers",jeans,Zara,belt
258c3b4e,India,Female,18-25,party wear,Spring,"fashion,shirts,shoes,jeans",shirt,Nike,shoes
2e50aad4,Pakistan,Male,40+,office wear,Spring,"tshirt,shirts,jeans,syndo",flipflop,Outfitters,shorts
908f395a,India,Female,30-40,office wear,Summer,"tshirt,shoes,flipflop,shirts",joggers,Outfitters,tshirt
36e0b1ca,UAE,Female,18-25,party wear,Autumn,"shorts,syndo,gens,fashion",jeans,Zara,shirt
d70d0b96,UAE,Female,40+,office wear,Winter,"shirts,shorts,flipflop,shoes",flipflop,Addidas,tshirt
7cc0db3b,Pakistan,Male,40+,office wear,Spring,"shoes,shorts,jeans,gens",shoes,Nike,joggers
69905ed9,UAE,Male,30-40,office wear,Summer,"flipflop,joggers,tshirt,shoes",shorts,Addidas,tanktop
ea4a9c55,Pakistan,Female,25-30,sports wear,Winter,"shirts,tshirt,jeans,joggers",tshirt,Outfitters,shorts
5e110e53,UAE,Female,25-30,daily wear,Spring,"shoes,joggers,fashion,shirts",shorts,Nike,flipflop
e36ed068,India,Male,40+,office wear,Autumn,"syndo,shoes,shorts,tshirt",jeans,Zara,belt
7e9126c9,UAE,Male,40+,party wear,Autumn,"jeans,tshirt,joggers,shorts",jeans,Outfitters,shirt
035e0ddb,UAE,Female,30-40,sports wear,Spring,"flipflop,fashion,tshirt,gens",shoes,Addidas,socks
045b134c,India,Male,25-30,office wear,Autumn,"jeans,shirts,shorts,gens",shoes,Addidas,socks
7279a370,Pakistan,Male,18-25,daily wear,Summer,"shorts,tshirt,fashion,gens",shirt,Levis,jeans
bf27d45b,Pakistan,Male,18-25,daily wear,Summer,"jeans,flipflop,tshirt,shorts",flipflop,Outfitters,tshirt
1ab6e653,UAE,Male,25-30,sports wear,Winter,"jeans,shirts,gens,tshirt",shorts,Addidas,flipflop
0f23f975,UAE,Male,40+,party wear,Autumn,"flipflop,shorts,jeans,shirts",flipflop,Outfitters,tshirt
3de1f037,UAE,Male,30-40,daily wear,Summer,"gens,fashion,joggers,shirts",shirt,Zara,jeans
f89ff5a6,Pakistan,Male,25-30,party wear,Winter,"tshirt,shirts,shorts,flipflop",tshirt,Levis,shorts
922d8537,UAE,Male,18-25,sports wear,Summer,"syndo,shoes,shorts,shirts",tshirt,Outfitters,shorts
8848ae74,Pakistan,Female,30-40,sports wear,Summer,"shirts,syndo,fashion,shoes",shorts,Addidas,tanktop
aa6b98ab,India,Female,18-25,party wear,Spring,"shoes,joggers,jeans,shirts",shirt,Levis,jeans
50f5d369,UAE,Female,30-40,party wear,Winter,"joggers,shorts,fashion,jeans",flipflop,Outfitters,shorts
b597690a,UAE,Female,25-30,office wear,Summer,"fashion,syndo,jeans,joggers",shorts,Addidas,tanktop
adf206a1,UAE,Female,30-40,sports wear,Spring,"flipflop,syndo,jeans,shirts",tshirt,Levis,shorts
f56f412d,Pakistan,Male,18-25,office wear,Summer,"flipflop,shorts,tshirt,joggers",joggers,Nike,hoodie
5aa6c09a,India,Male,18-25,party wear,Winter,"jeans,flipflop,shorts,gens",shoes,Levis,joggers
4e55509d,UAE,Male,18-25,party wear,Summer,"jeans,flipflop,joggers,shorts",shirt,Levis,jeans
9b2967a9,Pakistan,Female,30-40,office wear,Autumn,"shorts,joggers,tshirt,jeans",flipflop,Outfitters,shorts
714dba90,India,Male,18-25,sports wear,Spring,"shorts,shirts,fashion,joggers",shorts,Addidas,flipflop
43751caa,UAE,Male,25-30,sports wear,Summer,"shoes,gens,fashion,shirts",jeans,Zara,belt
e381f70f,India,Male,40+,sports wear,Winter,"tshirt,shirts,gens,shorts",tshirt,Outfitters,shorts
65f6077f,UAE,Male,18-25,daily wear,Autumn,"syndo,tshirt,joggers,shirts",flipflop,Outfitters,tshirt
466587c3,Pakistan,Female,40+,party wear,Autumn,"jeans,gens,shirts,tshirt",shoes,Levis,joggers
e1b54833,UAE,Male,40+,office wear,Summer,"gens,fashion,flipflop,tshirt",shirt,Levis,jeans
34650734,UAE,Male,18-25,sports wear,Spring,"shorts,shoes,flipflop,shirts",joggers,Addidas,tshirt
c87fc740,UAE,Female,18-25,daily wear,Autumn,"fashion,joggers,gens,shorts",joggers,Addidas,tshirt
f39cfdae,UAE,Male,25-30,party wear,Autumn,"flipflop,fashion,shorts,syndo",jeans,Zara,belt
c7631caf,Pakistan,Female,18-25,daily wear,Autumn,"fashion,shoes,syndo,flipflop",flipflop,Addidas,tshirt
8236747b,Pakistan,Male,30-40,party wear,Summer,"shirts,fashion,shorts,tshirt",flipflop,Levis,shorts
94823b97,UAE,Female,18-25,party wear,Summer,"joggers,shoes,flipflop,shirts",shirt,Zara,jeans
f162a589,UAE,Male,30-40,sports wear,Winter,"joggers,flipflop,gens,shorts",tshirt,Addidas,flipflop
36480e8b,UAE,Male,25-30,office wear,Winter,"shirts,tshirt,joggers,syndo",jeans,Zara,belt
4f2669d4,Pakistan,Female,30-40,daily wear,Spring,"gens,shirts,shorts,joggers",shoes,Addidas,socks
ddd05628,UAE,Female,40+,party wear,Summer,"syndo,fashion,joggers,shoes",jeans,Outfitters,shirt
69ef50fe,India,Male,40+,office wear,Summer,"shirts,gens,flipflop,joggers",flipflop,Levis,shorts
9e3d5d74,UAE,Male,40+,party wear,Autumn,"shoes,joggers,jeans,fashion",flipflop,Outfitters,tshirt
b3a840b8,UAE,Female,18-25,sports wear,Summer,"tshirt,fashion,gens,syndo",jeans,Zara,shirt
851c5dba,India,Female,25-30,office wear,Summer,"gens,shorts,syndo,fashion",joggers,Addidas,tshirt
d9c1c6ed,Pakistan,Male,25-30,sports wear,Spring,"flipflop,tshirt,shoes,shirts",shoes,Levis,joggers
da029e63,UAE,Male,30-40,sports wear,Spring,"tshirt,shirts,syndo,fashion",tshirt,Nike,flipflop
49b69733,UAE,Male,18-25,party wear,Winter,"flipflop,tshirt,syndo,shorts",jeans,Zara,belt
ad289aa8,Pakistan,Female,18-25,sports wear,Autumn,"gens,fashion,shoes,shorts",shoes,Addidas,socks
181b14bb,India,Female,40+,party wear,Autumn,"joggers,flipflop,syndo,gens",tshirt,Nike,flipflop
a52198b6,India,Male,40+,party wear,Spring,"shoes,shorts,gens,fashion",tshirt,Addidas,flipflop
c685f1f3,UAE,Female,25-30,sports wear,Winter,"syndo,gens,shirts,flipflop",shirt,Addidas,shoes
d1995f23,Pakistan,Male,18-25,sports wear,Summer,"shoes,tshirt,jeans,shorts",flipflop,Addidas,tshirt
e7e1a224,Pakistan,Female,40+,office wear,Autumn,"gens,shorts,fashion,joggers",shoes,Addidas,socks
68943ff7,Pakistan,Female,40+,daily wear,Winter,"fashion,shirts,joggers,shoes",flipflop,Levis,shorts
3af7d67b,Pakistan,Female,18-25,daily wear,Summer,"shoes,tshirt,fashion,gens",shirt,Addidas,shoes
80e68048,Pakistan,Male,18-25,party wear,Winter,"shirts,flipflop,shoes,fashion",joggers,Nike,hoodie
ffffcce6,UAE,Female,25-30,sports wear,Winter,"flipflop,fashion,joggers,syndo",shoes,Nike,joggers
7df3800b,UAE,Male,40+,sports wear,Winter,"fashion,jeans,shorts,gens",flipflop,Addidas,tshirt
4efd2eeb,Pakistan,Female,30-40,daily wear,Spring,"jeans,syndo,shirts,tshirt",shirt,Zara,jeans
2dd32c55,India,Male,18-25,daily wear,Autumn,"joggers,shorts,tshirt,jeans",jeans,Zara,belt
77d62424,UAE,Male,25-30,daily wear,Spring,"syndo,jeans,joggers,shoes",jeans,Zara,belt
1bc0140c,UAE,Female,25-30,daily wear,Winter,"tshirt,joggers,shoes,shorts",shorts,Addidas,tanktop
5836d6c2,Pakistan,Female,30-40,party wear,Winter,"shoes,flipflop,fashion,gens",jeans,Outfitters,shirt
bc5dd011,India,Female,18-25,sports wear,Spring,"joggers,shorts,shirts,syndo",shorts,Nike,flipflop
c31ef0f7,Pakistan,Male,30-40,party wear,Spring,"flipflop,gens,shoes,shorts",shirt,Nike,shoes
6343d095,Pakistan,Male,30-40,daily wear,Spring,"gens,shorts,fashion,syndo",jeans,Outfitters,shirt
74b250f0,India,Female,18-25,party wear,Spring,"syndo,shoes,shirts,joggers",tshirt,Outfitters,shorts
ab7e644e,UAE,Female,30-40,party wear,Autumn,"jeans,gens,joggers,fashion",flipflop,Outfitters,tshirt
118badc4,UAE,Female,30-40,office wear,Summer,"shorts,gens,shoes,flipflop",joggers,Addidas,tshirt
38204c1c,UAE,Female,18-25,sports wear,Autumn,"gens,shirts,joggers,jeans",flipflop,Outfitters,tshirt
431ed314,Pakistan,Male,18-25,party wear,Summer,"fashion,jeans,tshirt,joggers",shirt,Zara,jeans
60c8db0d,Pakistan,Male,18-25,daily wear,Summer,"syndo,jeans,shorts,gens",shorts,Addidas,tanktop
1ade2f01,India,Female,25-30,daily wear,Winter,"joggers,shirts,shoes,jeans",shorts,Addidas,tanktop
b1124832,UAE,Male,30-40,party wear,Summer,"shirts,shoes,jeans,syndo",joggers,Nike,hoodie
dc5fdc7b,UAE,Female,40+,party wear,Summer,"tshirt,shoes,flipflop,fashion",shorts,Addidas,tanktop
4ad5e83a,India,Male,18-25,sports wear,Winter,"shirts,shorts,gens,shoes",jeans,Zara,shirt
c6f46589,India,Female,30-40,office wear,Winter,"tshirt,shoes,syndo,joggers",flipflop,Outfitters,tshirt
1db5c346,India,Female,30-40,daily wear,Winter,"fashion,shorts,joggers,tshirt",shoes,Nike,joggers
6a36f375,Pakistan,Male,25-30,office wear,Spring,"gens,shoes,shirts,jeans",tshirt,Addidas,flipflop
ad63174e,UAE,Female,25-30,daily wear,Summer,"tshirt,fashion,shorts,syndo",shirt,Addidas,shoes
f9b054a8,Pakistan,Male,30-40,daily wear,Summer,"tshirt,joggers,flipflop,jeans",tshirt,Nike,flipflop
f553e402,India,Female,18-25,daily wear,Spring,"tshirt,syndo,jeans,flipflop",jeans,Zara,belt
9ff06dea,India,Male,40+,sports wear,Winter,"jeans,fashion,shoes,shirts",jeans,Outfitters,shirt
7e339425,UAE,Female,40+,daily wear,Winter,"shirts,jeans,fashion,flipflop",shoes,Addidas,socks
3152b6e1,India,Male,30-40,sports wear,Winter,"shirts,gens,jeans,tshirt",flipflop,Outfitters,shorts
67e5868b,UAE,Male,40+,party wear,Autumn,"flipflop,shoes,tshirt,gens",shirt,Nike,shoes
70da6069,India,Male,30-40,party wear,Summer,"tshirt,fashion,flipflop,syndo",flipflop,Outfitters,tshirt
41bc3464,UAE,Female,30-40,office wear,Autumn,"tshirt,shirts,syndo,shoes",shorts,Addidas,tanktop
fb11476a,UAE,Male,40+,daily wear,Summer,"fashion,syndo,flipflop,shoes",joggers,Outfitters,tshirt
c6f6d7d5,UAE,Female,30-40,sports wear,Summer,"tshirt,syndo,gens,shoes",shoes,Levis,joggers
4e4e892a,UAE,Male,18-25,office wear,Summer,"flipflop,fashion,shirts,shoes",shirt,Addidas,shoes
2272e7b8,India,Male,25-30,party wear,Summer,"fashion,gens,shoes,syndo",flipflop,Addidas,tshirt
87b087fe,UAE,Female,30-40,office wear,Autumn,"shorts,jeans,tshirt,gens",flipflop,Outfitters,shorts
91ad2435,Pakistan,Male,18-25,party wear,Spring,"fashion,joggers,shoes,shirts",shirt,Addidas,shoes
faed7bfa,India,Male,40+,party wear,Autumn,"shoes,tshirt,fashion,flipflop",tshirt,Levis,shorts
fc3174c4,India,Male,40+,party wear,Autumn,"shirts,shoes,fashion,gens",jeans,Zara,belt
dc327473,India,Female,18-25,sports wear,Summer,"fashion,tshirt,shoes,syndo",tshirt,Outfitters,shorts
b1d3e238,India,Male,18-25,office wear,Spring,"fashion,gens,shorts,joggers",shoes,Addidas,socks
fa93f711,UAE,Female,40+,party wear,Spring,"jeans,shorts,flipflop,fashion",shorts,Addidas,tanktop
deda085f,UAE,Male,40+,party wear,Winter,"syndo,tshirt,fashion,flipflop",jeans,Zara,belt
8f39aaa5,UAE,Male,30-40,daily wear,Autumn,"shoes,flipflop,shirts,syndo",flipflop,Levis,shorts
dba54bba,Pakistan,Male,18-25,sports wear,Summer,"jeans,joggers,tshirt,gens",shirt,Addidas,shoes
6100af13,UAE,Female,18-25,daily wear,Autumn,"flipflop,shoes,joggers,shorts",jeans,Zara,belt
bb16e29e,Pakistan,Male,40+,sports wear,Summer,"jeans,flipflop,gens,fashion",jeans,Zara,belt
1e7b5c7f,India,Male,25-30,daily wear,Spring,"jeans,shorts,joggers,syndo",flipflop,Levis,shorts
3374d65b,India,Female,40+,party wear,Autumn,"jeans,gens,fashion,tshirt",tshirt,Levis,shorts
40d433a5,Pakistan,Male,25-30,party wear,Summer,"shirts,syndo,fashion,flipflop",shorts,Addidas,flipflop
ae02dc94,UAE,Female,30-40,party wear,Summer,"tshirt,shirts,flipflop,fashion",shirt,Addidas,shoes
f0fcfcf5,India,Female,40+,daily wear,Autumn,"shorts,shoes,joggers,tshirt",shoes,Addidas,socks
a45e765a,UAE,Male,18-25,party wear,Summer,"shirts,fashion,flipflop,shoes",joggers,Outfitters,tshirt
267d15a3,UAE,Female,30-40,party wear,Spring,"tshirt,shirts,joggers,shorts",shoes,Nike,joggers
8176a443,India,Male,30-40,sports wear,Summer,"flipflop,shirts,tshirt,fashion",flipflop,Outfitters,tshirt
60e8f7eb,India,Male,30-40,sports wear,Spring,"shoes,fashion,tshirt,shirts",flipflop,Outfitters,tshirt
59730ea0,UAE,Male,30-40,daily wear,Summer,"joggers,jeans,fashion,shorts",jeans,Outfitters,shirt
4ab66d48,India,Female,40+,sports wear,Spring,"fashion,jeans,flipflop,shirts",flipflop,Levis,shorts
2d288561,Pakistan,Female,30-40,sports wear,Autumn,"syndo,gens,joggers,shorts",jeans,Outfitters,shirt
8ff06b8d,Pakistan,Male,25-30,daily wear,Autumn,"joggers,flipflop,tshirt,fashion",tshirt,Outfitters,shorts
fc2dbf78,UAE,Male,18-25,office wear,Autumn,"flipflop,tshirt,gens,syndo",shirt,Zara,jeans
53ef4bb9,Pakistan,Male,40+,sports wear,Summer,"shorts,shirts,syndo,fashion",jeans,Outfitters,shirt
6e5301c2,India,Female,18-25,daily wear,Winter,"flipflop,shoes,syndo,joggers",flipflop,Addidas,tshirt
1a18f642,Pakistan,Female,25-30,party wear,Summer,"tshirt,gens,shirts,shoes",flipflop,Outfitters,tshirt
e6cc1c97,India,Male,30-40,daily wear,Summer,"joggers,shirts,gens,shoes",jeans,Zara,belt
f2333dd5,UAE,Male,30-40,sports wear,Summer,"jeans,fashion,shirts,tshirt",joggers,Outfitters,tshirt
a45e2084,Pakistan,Female,40+,sports wear,Autumn,"syndo,fashion,shorts,joggers",jeans,Zara,shirt
045af30a,UAE,Male,30-40,party wear,Summer,"gens,fashion,syndo,shorts",flipflop,Outfitters,shorts
c925e32c,India,Male,18-25,daily wear,Winter,"fashion,shorts,tshirt,jeans",joggers,Outfitters,tshirt
01002e18,Pakistan,Female,25-30,sports wear,Summer,"shorts,syndo,flipflop,shoes",shorts,Addidas,flipflop
41d726c8,Pakistan,Male,30-40,party wear,Winter,"fashion,syndo,joggers,gens",tshirt,Outfitters,shorts
899a5eac,Pakistan,Female,30-40,sports wear,Winter,"shoes,shorts,syndo,fashion",jeans,Zara,belt
765b348e,UAE,Male,18-25,sports wear,Winter,"jeans,fashion,shoes,syndo",tshirt,Levis,shorts
7bf94fe0,India,Male,25-30,party wear,Autumn,"gens,flipflop,shirts,joggers",flipflop,Levis,shorts
7e71efb4,Pakistan,Female,40+,office wear,Summer,"flipflop,shoes,shirts,fashion",shoes,Nike,joggers
3da02eeb,India,Female,30-40,daily wear,Spring,"shoes,jeans,flipflop,shorts",shirt,Addidas,shoes
c6ee12f2,UAE,Male,30-40,party wear,Summer,"shirts,shoes,shorts,tshirt",shoes,Levis,joggers
d6cb9482,Pakistan,Female,25-30,daily wear,Winter,"flipflop,syndo,shorts,shoes",shoes,Addidas,socks
af007c52,Pakistan,Female,30-40,daily wear,Autumn,"fashion,jeans,tshirt,flipflop",shoes,Addidas,socks
8cce250f,Pakistan,Female,25-30,party wear,Winter,"shirts,shorts,syndo,fashion",jeans,Zara,belt
0c8c936b,UAE,Male,40+,sports wear,Winter,"fashion,gens,jeans,tshirt",joggers,Outfitters,tshirt
d4cf6ba3,India,Male,25-30,daily wear,Winter,"jeans,syndo,shirts,joggers",shorts,Addidas,tanktop
dc54ad6c,UAE,Female,18-25,daily wear,Autumn,"syndo,gens,jeans,flipflop",flipflop,Outfitters,tshirt
23426fe8,India,Male,25-30,sports wear,Autumn,"jeans,tshirt,joggers,shorts",jeans,Zara,shirt
1cd63885,UAE,Male,25-30,party wear,Summer,"tshirt,shorts,shoes,gens",joggers,Nike,hoodie
7df24aa1,India,Female,30-40,party wear,Summer,"jeans,tshirt,joggers,shirts",shoes,Levis,joggers
8fa12a85,India,Male,30-40,daily wear,Winter,"gens,shoes,fashion,joggers",shirt,Levis,jeans
427fd0f1,UAE,Male,40+,party wear,Spring,"flipflop,tshirt,joggers,shoes",jeans,Zara,shirt
bdfc3ce8,India,Male,40+,sports wear,Summer,"shoes,tshirt,fashion,syndo",shirt,Nike,shoes
c4209375,Pakistan,Female,30-40,office wear,Winter,"shorts,shirts,syndo,fashion",shorts,Addidas,tanktop
4ef81c04,Pakistan,Male,18-25,sports wear,Autumn,"tshirt,fashion,shoes,shirts",flipflop,Outfitters,shorts
b033a0f9,India,Male,30-40,daily wear,Autumn,"gens,jeans,shorts,shirts",shoes,Addidas,socks
8cdb81a9,Pakistan,Female,40+,daily wear,Summer,"fashion,gens,joggers,jeans",jeans,Zara,shirt
92cc5d01,Pakistan,Male,30-40,office wear,Autumn,"tshirt,fashion,syndo,jeans",jeans,Zara,shirt
32c5f1e1,Pakistan,Female,25-30,party wear,Autumn,"gens,flipflop,fashion,joggers",shorts,Addidas,tanktop
0c8f9b59,UAE,Female,30-40,sports wear,Spring,"syndo,shirts,flipflop,shoes",tshirt,Nike,flipflop
f50e5a98,Pakistan,Male,25-30,office wear,Spring,"gens,shoes,jeans,syndo",tshirt,Levis,shorts
7d88f891,India,Female,40+,daily wear,Summer,"gens,shoes,shorts,shirts",joggers,Nike,hoodie
077f15a6,Pakistan,Female,25-30,sports wear,Winter,"jeans,shorts,tshirt,shirts",joggers,Nike,hoodie
c09b3654,Pakistan,Male,25-30,party wear,Summer,"syndo,tshirt,shirts,fashion",tshirt,Nike,flipflop
b87a9515,UAE,Female,40+,daily wear,Autumn,"joggers,gens,shoes,fashion",tshirt,Addidas,flipflop
a44139cb,UAE,Male,25-30,daily wear,Summer,"flipflop,shirts,shoes,fashion",jeans,Zara,belt
23f760b5,UAE,Female,25-30,party wear,Winter,"jeans,flipflop,syndo,fashion",shoes,Addidas,socks
f95e3377,UAE,Male,40+,party wear,Winter,"joggers,flipflop,fashion,shorts",joggers,Nike,hoodie
170aff41,Pakistan,Male,40+,sports wear,Autumn,"joggers,shirts,tshirt,gens",shorts,Addidas,tanktop
a624ce2f,UAE,Female,18-25,daily wear,Summer,"fashion,shorts,joggers,flipflop",shorts,Addidas,flipflop
d2f04ef3,India,Female,40+,sports wear,Autumn,"joggers,fashion,tshirt,shirts",tshirt,Addidas,flipflop
a9850e0a,India,Female,18-25,sports wear,Winter,"jeans,flipflop,gens,syndo",shorts,Nike,flipflop
c03dee7c,Pakistan,Female,40+,party wear,Summer,"joggers,tshirt,jeans,shirts",shoes,Levis,joggers
5b4ee4f3,UAE,Female,25-30,office wear,Autumn,"shirts,shorts,tshirt,gens",shoes,Addidas,socks
4d9948b4,Pakistan,Female,40+,sports wear,Autumn,"jeans,shoes,tshirt,shorts",shoes,Nike,joggers
99bb593c,UAE,Male,30-40,daily wear,Autumn,"flipflop,gens,tshirt,shirts",flipflop,Levis,shorts
68d5c2b4,India,Male,18-25,sports wear,Winter,"gens,shorts,joggers,syndo",tshirt,Nike,flipflop
8466d599,India,Male,25-30,office wear,Spring,"joggers,flipflop,fashion,gens",flipflop,Outfitters,shorts
c73b3470,India,Female,30-40,party wear,Summer,"gens,jeans,tshirt,fashion",jeans,Zara,belt
62f666f9,Pakistan,Female,30-40,office wear,Summer,"tshirt,shirts,fashion,syndo",shirt,Zara,jeans
ca78d33b,Pakistan,Female,30-40,sports wear,Winter,"tshirt,joggers,flipflop,jeans",tshirt,Addidas,flipflop
98ea3e23,UAE,Male,25-30,office wear,Summer,"fashion,tshirt,shoes,syndo",shirt,Addidas,shoes
2973984f,India,Male,30-40,sports wear,Autumn,"flipflop,shoes,gens,syndo",tshirt,Levis,shorts
ad76f071,UAE,Female,18-25,office wear,Spring,"gens,shirts,syndo,shoes",tshirt,Levis,shorts
61aa8edc,India,Female,30-40,sports wear,Autumn,"shorts,shirts,flipflop,syndo",shoes,Addidas,socks
30816b85,UAE,Male,30-40,daily wear,Summer,"shirts,gens,tshirt,shorts",jeans,Zara,belt
e4e78ccc,UAE,Male,40+,party wear,Winter,"flipflop,shorts,shoes,joggers",shoes,Levis,joggers
edbb2d6a,India,Male,40+,office wear,Winter,"tshirt,shorts,fashion,syndo",shoes,Addidas,socks
e6055bdc,India,Female,18-25,office wear,Spring,"jeans,syndo,gens,tshirt",shirt,Zara,jeans
d65a8bc6,UAE,Male,30-40,daily wear,Winter,"syndo,joggers,shoes,fashion",shoes,Addidas,socks
3b22e05a,India,Female,30-40,daily wear,Summer,"syndo,tshirt,jeans,shorts",shorts,Addidas,flipflop
74da759f,UAE,Male,18-25,daily wear,Winter,"joggers,shorts,gens,flipflop",joggers,Nike,hoodie
fcd13342,UAE,Male,30-40,office wear,Winter,"fashion,jeans,shirts,syndo",flipflop,Outfitters,tshirt
5b5e001c,UAE,Male,30-40,party wear,Summer,"syndo,tshirt,joggers,gens",shirt,Zara,jeans
3de7bc17,Pakistan,Male,30-40,daily wear,Autumn,"jeans,fashion,flipflop,syndo",tshirt,Levis,shorts
0dc68c5c,Pakistan,Male,40+,party wear,Summer,"shorts,gens,shirts,syndo",flipflop,Outfitters,shorts
a98955fb,UAE,Female,18-25,office wear,Summer,"syndo,jeans,tshirt,shorts",tshirt,Outfitters,shorts
a72cef74,Pakistan,Male,40+,sports wear,Summer,"flipflop,gens,fashion,syndo",tshirt,Addidas,flipflop
5ba0c48d,Pakistan,Female,18-25,office wear,Autumn,"joggers,shorts,syndo,fashion",tshirt,Levis,shorts
a397eeb4,India,Male,40+,daily wear,Summer,"fashion,joggers,shirts,tshirt",tshirt,Levis,shorts
f2e1da26,Pakistan,Male,18-25,office wear,Autumn,"fashion,tshirt,flipflop,jeans",joggers,Nike,hoodie
197d30dd,India,Male,18-25,sports wear,Spring,"shoes,gens,shorts,shirts",shoes,Addidas,socks
3180a58a,Pakistan,Male,30-40,office wear,Winter,"syndo,joggers,fashion,gens",shoes,Nike,joggers
ab8d9cf6,UAE,Male,18-25,sports wear,Spring,"flipflop,shoes,gens,joggers",tshirt,Nike,flipflop
6dcc156a,UAE,Female,18-25,sports wear,Autumn,"gens,shorts,tshirt,jeans",shorts,Addidas,tanktop
ecd90c3d,Pakistan,Male,30-40,party wear,Spring,"jeans,fashion,shorts,syndo",tshirt,Addidas,flipflop
30007e06,India,Female,30-40,party wear,Autumn,"joggers,jeans,shoes,flipflop",jeans,Zara,belt
5d719989,UAE,Male,40+,office wear,Winter,"shoes,shirts,tshirt,gens",joggers,Nike,hoodie
dde124b1,UAE,Male,40+,office wear,Winter,"shorts,gens,joggers,flipflop",joggers,Outfitters,tshirt
0b507fa9,UAE,Male,30-40,sports wear,Spring,"shorts,shirts,gens,syndo",flipflop,Outfitters,tshirt
5ea2642e,UAE,Female,25-30,party wear,Summer,"tshirt,flipflop,jeans,shorts",flipflop,Outfitters,tshirt
e9aad671,UAE,Male,40+,sports wear,Summer,"syndo,shorts,gens,tshirt",shoes,Addidas,socks
683a2400,Pakistan,Male,18-25,office wear,Summer,"shorts,fashion,jeans,shirts",tshirt,Outfitters,shorts
f56a0cd6,Pakistan,Female,30-40,sports wear,Winter,"shoes,tshirt,gens,joggers",shorts,Addidas,tanktop
46c5a269,India,Male,40+,office wear,Spring,"flipflop,shoes,syndo,fashion",jeans,Zara,shirt
3cfc4fde,Pakistan,Male,30-40,daily wear,Summer,"shorts,flipflop,gens,jeans",jeans,Zara,belt
87fe4b08,UAE,Male,18-25,sports wear,Winter,"gens,fashion,syndo,shirts",shorts,Addidas,tanktop
44360b35,Pakistan,Female,18-25,office wear,Spring,"syndo,flipflop,joggers,jeans",joggers,Addidas,tshirt
e16590b4,UAE,Female,18-25,party wear,Autumn,"shorts,flipflop,jeans,shirts",jeans,Outfitters,shirt
43da1991,India,Male,40+,party wear,Summer,"joggers,syndo,shirts,gens",shirt,Addidas,shoes
96167740,Pakistan,Female,18-25,sports wear,Spring,"flipflop,shorts,jeans,tshirt",tshirt,Nike,flipflop
acb62d4b,Pakistan,Female,40+,sports wear,Spring,"syndo,flipflop,fashion,tshirt",flipflop,Levis,shorts
2f2cb621,Pakistan,Female,30-40,office wear,Spring,"fashion,joggers,flipflop,shorts",joggers,Outfitters,tshirt
92500d7e,India,Female,18-25,daily wear,Summer,"shirts,shoes,fashion,tshirt",tshirt,Levis,shorts
89eeccf8,India,Female,18-25,party wear,Spring,"shoes,tshirt,joggers,flipflop",shorts,Nike,flipflop
c21cb13c,UAE,Female,30-40,sports wear,Spring,"tshirt,shorts,gens,shoes",shirt,Nike,shoes
4aafd4ea,Pakistan,Female,40+,party wear,Spring,"shirts,gens,shoes,shorts",flipflop,Outfitters,tshirt
8e058506,UAE,Female,30-40,sports wear,Winter,"syndo,tshirt,flipflop,gens",shoes,Addidas,socks
c5f11fde,India,Female,18-25,party wear,Autumn,"shirts,gens,joggers,shorts",shirt,Zara,jeans
03d1e401,Pakistan,Male,30-40,sports wear,Summer,"joggers,syndo,shoes,shorts",shorts,Addidas,tanktop
66d420b7,Pakistan,Male,40+,sports wear,Spring,"jeans,fashion,shoes,gens",jeans,Outfitters,shirt
e5a647a0,UAE,Male,18-25,party wear,Spring,"shorts,flipflop,tshirt,gens",shoes,Addidas,socks
eab04717,Pakistan,Male,25-30,sports wear,Autumn,"shirts,shorts,jeans,fashion",joggers,Nike,hoodie
a408bcab,India,Female,25-30,daily wear,Winter,"shirts,fashion,joggers,tshirt",shorts,Addidas,flipflop
69da669d,Pakistan,Female,30-40,daily wear,Spring,"shoes,shorts,flipflop,syndo",tshirt,Nike,flipflop
54abb2b0,Pakistan,Female,18-25,office wear,Winter,"shirts,syndo,shorts,shoes",shoes,Nike,joggers
f478525a,UAE,Male,25-30,sports wear,Summer,"syndo,shorts,shoes,flipflop",shoes,Levis,joggers
96291a34,India,Female,18-25,party wear,Summer,"flipflop,joggers,syndo,shoes",shoes,Levis,joggers
76713dd4,Pakistan,Male,40+,sports wear,Spring,"tshirt,joggers,syndo,shoes",tshirt,Nike,flipflop
57c30cc6,UAE,Male,40+,office wear,Summer,"shirts,tshirt,shorts,fashion",joggers,Addidas,tshirt
a4ba957a,UAE,Male,40+,office wear,Summer,"gens,fashion,syndo,flipflop",jeans,Zara,belt
d5dd555c,India,Male,18-25,daily wear,Autumn,"fashion,joggers,shoes,flipflop",tshirt,Levis,shorts
2035dab2,Pakistan,Female,18-25,office wear,Winter,"shorts,syndo,shoes,gens",jeans,Zara,belt
80052b60,UAE,Male,25-30,party wear,Spring,"syndo,fashion,shorts,gens",shoes,Addidas,socks
92dd4bd6,UAE,Female,30-40,office wear,Autumn,"joggers,shorts,jeans,fashion",jeans,Zara,belt
5a906eec,Pakistan,Female,25-30,sports wear,Autumn,"flipflop,jeans,syndo,fashion",shoes,Addidas,socks
b368e6f3,India,Male,40+,office wear,Autumn,"fashion,gens,tshirt,joggers",shorts,Addidas,tanktop
43cd7094,Pakistan,Female,30-40,office wear,Winter,"syndo,shirts,flipflop,tshirt",shoes,Addidas,socks
fb06b815,Pakistan,Female,40+,party wear,Autumn,"gens,fashion,joggers,tshirt",flipflop,Outfitters,tshirt
50ea10f5,India,Male,40+,daily wear,Spring,"flipflop,shirts,jeans,tshirt",shirt,Addidas,shoes
1774aaad,Pakistan,Male,30-40,party wear,Spring,"flipflop,tshirt,shorts,jeans",joggers,Addidas,tshirt
30ba650c,UAE,Male,30-40,office wear,Spring,"gens,shoes,syndo,tshirt",flipflop,Outfitters,tshirt
1994ac10,UAE,Male,25-30,party wear,Winter,"shoes,shirts,syndo,tshirt",jeans,Zara,belt
2906708a,Pakistan,Male,18-25,sports wear,Winter,"shoes,flipflop,syndo,shirts",joggers,Nike,hoodie
301a1f82,Pakistan,Male,30-40,daily wear,Spring,"flipflop,fashion,joggers,shorts",jeans,Zara,belt
8edda1bf,India,Female,25-30,daily wear,Winter,"shirts,jeans,flipflop,shoes",joggers,Nike,hoodie
5228490f,India,Female,18-25,daily wear,Spring,"gens,shirts,joggers,jeans",jeans,Outfitters,shirt
93a89312,Pakistan,Male,25-30,daily wear,Spring,"joggers,shorts,shoes,tshirt",shorts,Addidas,flipflop
e2eaa565,Pakistan,Female,25-30,sports wear,Winter,"fashion,shorts,joggers,gens",tshirt,Levis,shorts
44b3115d,Pakistan,Male,18-25,daily wear,Spring,"flipflop,joggers,syndo,jeans",shoes,Addidas,socks
61ba7021,UAE,Female,25-30,party wear,Spring,"shoes,flipflop,gens,joggers",shorts,Addidas,flipflop
b28bbe1c,UAE,Female,30-40,sports wear,Spring,"joggers,shirts,flipflop,shoes",shorts,Nike,flipflop
8a65ba27,UAE,Male,30-40,daily wear,Winter,"joggers,shorts,gens,flipflop",shirt,Nike,shoes
f458a23e,India,Male,25-30,party wear,Autumn,"flipflop,shoes,tshirt,jeans",joggers,Addidas,tshirt
1eb95a65,UAE,Female,18-25,party wear,Spring,"flipflop,shirts,jeans,shoes",flipflop,Outfitters,shorts
257e961b,UAE,Male,25-30,office wear,Autumn,"fashion,shoes,flipflop,tshirt",flipflop,Outfitters,shorts
bb79fc1e,UAE,Female,18-25,sports wear,Autumn,"jeans,fashion,shirts,syndo",joggers,Nike,hoodie
9dfae1a1,India,Female,25-30,office wear,Summer,"shirts,shoes,gens,joggers",flipflop,Addidas,tshirt
5055150b,India,Female,30-40,office wear,Spring,"shorts,shirts,shoes,joggers",shoes,Addidas,socks
15e261c4,UAE,Female,30-40,office wear,Spring,"joggers,tshirt,syndo,jeans",flipflop,Outfitters,shorts
d0e890fa,India,Female,40+,sports wear,Summer,"shoes,tshirt,shirts,joggers",jeans,Zara,shirt
89574619,UAE,Female,18-25,daily wear,Autumn,"syndo,shirts,jeans,shorts",shirt,Levis,jeans
29b434df,UAE,Female,25-30,daily wear,Autumn,"shirts,flipflop,shorts,fashion",shirt,Levis,jeans
f1c1443b,India,Female,40+,office wear,Winter,"syndo,fashion,shoes,gens",shirt,Levis,jeans
05ec101f,UAE,Female,30-40,sports wear,Autumn,"syndo,shorts,shirts,fashion",tshirt,Levis,shorts
ecc12592,Pakistan,Male,25-30,sports wear,Summer,"flipflop,shoes,tshirt,syndo",flipflop,Levis,shorts
79f963b2,Pakistan,Male,25-30,party wear,Summer,"tshirt,syndo,shoes,shorts",shorts,Nike,flipflop
d3e71604,India,Male,40+,office wear,Autumn,"shirts,gens,flipflop,shorts",tshirt,Levis,shorts
1da70f75,Pakistan,Female,18-25,sports wear,Spring,"flipflop,syndo,shirts,tshirt",joggers,Addidas,tshirt
c6948faf,UAE,Male,18-25,daily wear,Spring,"shorts,jeans,shirts,fashion",tshirt,Nike,flipflop
d8142ab6,Pakistan,Female,30-40,party wear,Spring,"syndo,joggers,flipflop,tshirt",jeans,Zara,belt
0032af94,UAE,Male,18-25,party wear,Winter,"shorts,syndo,shoes,jeans",tshirt,Levis,shorts
c52a2898,Pakistan,Male,18-25,sports wear,Summer,"flipflop,syndo,joggers,tshirt",jeans,Zara,belt
a511c34b,UAE,Male,40+,party wear,Winter,"tshirt,shoes,jeans,flipflop",flipflop,Outfitters,shorts
2e8b267e,Pakistan,Female,30-40,office wear,Summer,"tshirt,shorts,syndo,shirts",shoes,Nike,joggers
9b4d03ac,UAE,Female,40+,sports wear,Autumn,"shirts,fashion,gens,joggers",shirt,Nike,shoes
ea505cb9,Pakistan,Male,30-40,party wear,Spring,"shorts,tshirt,joggers,gens",jeans,Zara,belt
44716ef5,Pakistan,Male,25-30,daily wear,Winter,"shirts,shorts,gens,fashion",shorts,Nike,flipflop
7bd1ad08,India,Male,25-30,sports wear,Autumn,"joggers,jeans,shirts,shoes",shirt,Zara,jeans
551604b4,Pakistan,Female,30-40,daily wear,Autumn,"flipflop,shoes,gens,syndo",shorts,Addidas,tanktop
3f163f4d,India,Female,18-25,office wear,Autumn,"joggers,flipflop,tshirt,syndo",flipflop,Addidas,tshirt
73dc3dfa,Pakistan,Male,18-25,sports wear,Winter,"flipflop,shirts,fashion,joggers",shorts,Addidas,flipflop
85b9b934,UAE,Female,25-30,sports wear,Spring,"shirts,shoes,gens,flipflop",shoes,Addidas,socks
f2ddda76,Pakistan,Female,40+,party wear,Winter,"shoes,fashion,jeans,shorts",jeans,Outfitters,shirt
8a42d51f,Pakistan,Female,18-25,daily wear,Winter,"fashion,shorts,shoes,jeans",shirt,Addidas,shoes
b9d09f88,India,Male,25-30,sports wear,Summer,"jeans,shirts,syndo,shorts",flipflop,Outfitters,shorts
4a657c82,UAE,Male,40+,party wear,Winter,"tshirt,gens,fashion,shirts",shirt,Addidas,shoes
1c4589b2,Pakistan,Female,30-40,office wear,Spring,"shoes,gens,tshirt,shirts",shoes,Addidas,socks
f4c65c4b,UAE,Male,40+,office wear,Winter,"gens,jeans,shorts,shoes",joggers,Nike,hoodie
73bc4684,Pakistan,Male,18-25,daily wear,Autumn,"syndo,tshirt,shoes,fashion",shirt,Levis,jeans
5a35539d,UAE,Female,18-25,office wear,Spring,"shirts,shorts,tshirt,fashion",jeans,Zara,belt
102b14b0,UAE,Male,18-25,daily wear,Winter,"gens,tshirt,jeans,shorts",flipflop,Outfitters,shorts
eeb8cb1d,Pakistan,Female,18-25,sports wear,Spring,"tshirt,jeans,joggers,syndo",shoes,Levis,joggers
954cce0e,Pakistan,Female,30-40,sports wear,Summer,"shirts,tshirt,shoes,shorts",flipflop,Outfitters,tshirt
b249b066,UAE,Male,40+,daily wear,Summer,"shoes,shorts,gens,joggers",flipflop,Outfitters,shorts
370e2ad8,UAE,Male,30-40,daily wear,Summer,"fashion,syndo,shoes,joggers",tshirt,Levis,shorts
e9733570,UAE,Male,18-25,office wear,Autumn,"fashion,syndo,shoes,joggers",jeans,Zara,shirt
9caa074b,UAE,Male,25-30,office wear,Spring,"shoes,shorts,shirts,joggers",shoes,Addidas,socks
7c568cc0,India,Female,18-25,office wear,Spring,"joggers,jeans,shirts,fashion",shirt,Addidas,shoes
2b77d318,Pakistan,Male,18-25,party wear,Autumn,"shirts,joggers,fashion,syndo",shorts,Addidas,tanktop
58bdcd0b,UAE,Female,30-40,office wear,Spring,"gens,shoes,shorts,shirts",flipflop,Addidas,tshirt
5d929a11,UAE,Male,30-40,party wear,Autumn,"joggers,flipflop,jeans,gens",shorts,Addidas,flipflop
b36b4df5,UAE,Female,25-30,daily wear,Spring,"syndo,tshirt,joggers,flipflop",shoes,Levis,joggers
77a8dffe,India,Female,40+,daily wear,Autumn,"syndo,joggers,shirts,jeans",shoes,Addidas,socks
1cd67eaa,UAE,Female,40+,sports wear,Autumn,"shoes,shorts,tshirt,syndo",shorts,Addidas,flipflop
716821a4,Pakistan,Female,18-25,party wear,Winter,"gens,syndo,shirts,jeans",jeans,Zara,belt
2ec0d6da,UAE,Male,25-30,party wear,Spring,"shirts,jeans,shorts,gens",jeans,Zara,belt
e00a32ef,India,Male,25-30,office wear,Summer,"flipflop,shirts,joggers,shorts",shoes,Levis,joggers
5bd1577c,India,Female,40+,party wear,Summer,"shirts,flipflop,fashion,jeans",tshirt,Addidas,flipflop
1a35edf1,UAE,Female,25-30,office wear,Autumn,"flipflop,jeans,tshirt,shorts",shirt,Addidas,shoes
c047759b,Pakistan,Male,18-25,office wear,Winter,"fashion,shirts,syndo,tshirt",jeans,Zara,belt
29c9d2d3,India,Female,30-40,office wear,Spring,"shorts,shirts,gens,tshirt",jeans,Zara,shirt
cefdc479,Pakistan,Female,25-30,daily wear,Summer,"fashion,shorts,tshirt,flipflop",shoes,Nike,joggers
48a11f2b,India,Female,40+,sports wear,Spring,"shirts,fashion,flipflop,shorts",flipflop,Outfitters,shorts
00d3effe,Pakistan,Female,25-30,sports wear,Winter,"shirts,tshirt,shorts,joggers",jeans,Zara,belt
168fa2e8,Pakistan,Male,25-30,sports wear,Autumn,"tshirt,gens,shirts,jeans",jeans,Zara,shirt
40a85877,India,Female,25-30,sports wear,Autumn,"flipflop,jeans,joggers,gens",shorts,Addidas,flipflop
511cf156,India,Male,18-25,party wear,Autumn,"fashion,shirts,flipflop,syndo",shoes,Addidas,socks
77f185db,UAE,Female,40+,party wear,Autumn,"joggers,gens,shorts,fashion",joggers,Outfitters,tshirt
2e7eeba8,UAE,Male,25-30,sports wear,Autumn,"shoes,gens,shorts,syndo",shorts,Addidas,tanktop
c3de800e,India,Female,30-40,party wear,Spring,"flipflop,shorts,shoes,tshirt",jeans,Outfitters,shirt
c7ccf2bd,Pakistan,Female,40+,party wear,Summer,"flipflop,shirts,tshirt,gens",shirt,Addidas,shoes
3b165f8d,UAE,Male,25-30,daily wear,Spring,"jeans,gens,flipflop,fashion",flipflop,Levis,shorts
c7dd5467,Pakistan,Male,18-25,party wear,Spring,"fashion,flipflop,jeans,tshirt",tshirt,Outfitters,shorts
d0ec4f80,Pakistan,Female,25-30,daily wear,Summer,"fashion,shorts,shirts,gens",tshirt,Outfitters,shorts
9ca389d4,UAE,Male,40+,party wear,Summer,"flipflop,fashion,tshirt,shirts",shorts,Addidas,flipflop
a41a7c0a,UAE,Female,25-30,sports wear,Summer,"gens,flipflop,shoes,shorts",shoes,Addidas,socks
8faeec8a,India,Female,30-40,office wear,Spring,"tshirt,shoes,gens,shirts",flipflop,Addidas,tshirt
f8241427,India,Female,30-40,sports wear,Winter,"joggers,shorts,syndo,flipflop",joggers,Nike,hoodie
bfcd9eb6,UAE,Male,40+,office wear,Summer,"joggers,flipflop,tshirt,shoes",jeans,Outfitters,shirt
f2524c15,UAE,Male,40+,sports wear,Autumn,"gens,flipflop,joggers,shoes",shorts,Addidas,tanktop
a2b8de68,UAE,Male,25-30,daily wear,Summer,"shoes,tshirt,syndo,shirts",tshirt,Levis,shorts
3477cb95,UAE,Male,30-40,daily wear,Summer,"joggers,syndo,jeans,shirts",jeans,Zara,shirt
b1a301f8,Pakistan,Female,18-25,office wear,Spring,"shirts,shoes,flipflop,shorts",tshirt,Levis,shorts
3ecdace1,India,Male,30-40,sports wear,Spring,"fashion,flipflop,shorts,tshirt",shoes,Nike,joggers
e475131a,Pakistan,Female,25-30,party wear,Spring,"fashion,syndo,joggers,flipflop",tshirt,Nike,flipflop
e479d52b,India,Male,25-30,office wear,Summer,"shorts,flipflop,joggers,shoes",shirt,Addidas,shoes
c0cfcdbf,UAE,Female,40+,office wear,Autumn,"shoes,joggers,gens,syndo",tshirt,Levis,shorts
68681343,UAE,Female,18-25,daily wear,Spring,"flipflop,tshirt,fashion,shirts",shorts,Addidas,tanktop
4e20f50d,UAE,Female,18-25,party wear,Summer,"shirts,flipflop,shoes,tshirt",tshirt,Addidas,flipflop
bf27646e,UAE,Female,18-25,sports wear,Winter,"fashion,flipflop,shirts,syndo",joggers,Nike,hoodie
86f9421a,India,Male,40+,sports wear,Spring,"tshirt,shorts,flipflop,gens",flipflop,Outfitters,shorts
b307e541,Pakistan,Female,40+,party wear,Winter,"jeans,gens,tshirt,joggers",jeans,Zara,belt
efa99984,UAE,Female,25-30,sports wear,Summer,"syndo,jeans,shoes,gens",joggers,Addidas,tshirt
9e79129a,UAE,Male,25-30,sports wear,Summer,"flipflop,shirts,shorts,gens",shirt,Addidas,shoes
e1262ea5,India,Male,25-30,party wear,Summer,"flipflop,jeans,tshirt,syndo",shorts,Addidas,tanktop
21345a51,Pakistan,Male,25-30,party wear,Autumn,"syndo,tshirt,jeans,joggers",jeans,Zara,belt
a5b2f4d7,Pakistan,Male,40+,party wear,Spring,"shoes,joggers,shirts,shorts",shoes,Addidas,socks
60eedfd7,India,Female,25-30,party wear,Winter,"flipflop,joggers,jeans,shoes",tshirt,Addidas,flipflop
49e0b604,UAE,Female,30-40,office wear,Winter,"gens,shoes,fashion,shirts",tshirt,Outfitters,shorts
228a5d63,UAE,Male,18-25,sports wear,Summer,"joggers,shirts,fashion,gens",shirt,Nike,shoes
c1670dbe,Pakistan,Female,40+,party wear,Winter,"shirts,syndo,fashion,jeans",shirt,Addidas,shoes
a38cc8ff,Pakistan,Female,18-25,daily wear,Spring,"shoes,syndo,tshirt,fashion",tshirt,Levis,shorts
af5e7939,UAE,Female,40+,sports wear,Summer,"jeans,joggers,shorts,gens",shoes,Nike,joggers
24fb8090,Pakistan,Female,30-40,daily wear,Summer,"tshirt,gens,flipflop,syndo",shoes,Nike,joggers
f4682b5a,India,Male,25-30,party wear,Winter,"tshirt,joggers,flipflop,syndo",shoes,Addidas,socks
ec2394fa,Pakistan,Male,40+,daily wear,Spring,"syndo,jeans,tshirt,gens",shoes,Addidas,socks
d6e39e16,India,Female,18-25,daily wear,Winter,"jeans,shoes,tshirt,flipflop",shoes,Addidas,socks
3fd58714,Pakistan,Female,30-40,daily wear,Autumn,"shoes,shorts,flipflop,gens",tshirt,Levis,shorts
155d898e,Pakistan,Female,30-40,daily wear,Autumn,"flipflop,joggers,tshirt,shirts",shorts,Addidas,flipflop
d9972dc4,UAE,Male,25-30,daily wear,Spring,"gens,flipflop,jeans,joggers",joggers,Addidas,tshirt
c577a913,India,Male,40+,daily wear,Spring,"jeans,fashion,shirts,syndo",shirt,Levis,jeans
a7317c63,UAE,Male,30-40,office wear,Winter,"jeans,syndo,gens,joggers",joggers,Nike,hoodie
e1c05fd5,India,Female,30-40,office wear,Autumn,"shorts,joggers,fashion,shoes",jeans,Outfitters,shirt
dcf0a7eb,UAE,Male,25-30,sports wear,Autumn,"joggers,fashion,shorts,syndo",shirt,Nike,shoes
4c61a218,Pakistan,Female,30-40,daily wear,Spring,"gens,shorts,fashion,shoes",shirt,Addidas,shoes
306c6f6b,Pakistan,Male,25-30,sports wear,Spring,"joggers,gens,shoes,flipflop",shorts,Nike,flipflop
e9d5f1c0,India,Female,30-40,daily wear,Spring,"flipflop,syndo,fashion,shoes",tshirt,Levis,shorts
69bff8a8,India,Male,18-25,party wear,Spring,"joggers,shirts,gens,shorts",jeans,Zara,belt
f94f084d,UAE,Female,40+,party wear,Autumn,"joggers,tshirt,shirts,fashion",shorts,Nike,flipflop
d17274e6,UAE,Male,30-40,daily wear,Autumn,"syndo,jeans,joggers,flipflop",shorts,Nike,flipflop
24383294,Pakistan,Female,18-25,party wear,Spring,"shoes,shirts,flipflop,tshirt",flipflop,Outfitters,tshirt
16ee8156,UAE,Female,25-30,daily wear,Summer,"jeans,shoes,joggers,shorts",flipflop,Levis,shorts
136a7c77,Pakistan,Male,30-40,office wear,Winter,"jeans,fashion,flipflop,syndo",shorts,Addidas,flipflop
1b759823,UAE,Male,30-40,party wear,Spring,"syndo,tshirt,jeans,shoes",jeans,Zara,shirt
614c0151,India,Male,40+,office wear,Autumn,"syndo,flipflop,fashion,shirts",joggers,Nike,hoodie
bd202d0d,India,Female,18-25,sports wear,Summer,"shoes,shirts,syndo,fashion",shirt,Levis,jeans
d138506a,Pakistan,Female,25-30,sports wear,Spring,"fashion,shoes,syndo,jeans",jeans,Zara,belt
94901e9f,Pakistan,Male,40+,daily wear,Summer,"joggers,flipflop,shirts,shorts",shoes,Nike,joggers
7f94ecbb,India,Female,40+,sports wear,Winter,"flipflop,syndo,joggers,gens",shoes,Addidas,socks
f566d41a,Pakistan,Female,25-30,office wear,Summer,"shirts,joggers,shoes,jeans",tshirt,Nike,flipflop
b2583d2d,Pakistan,Female,30-40,sports wear,Spring,"tshirt,flipflop,gens,jeans",shirt,Nike,shoes
25a51b6a,India,Male,18-25,daily wear,Spring,"shorts,joggers,shirts,jeans",shoes,Nike,joggers
759970be,Pakistan,Male,30-40,party wear,Autumn,"syndo,tshirt,flipflop,gens",shirt,Nike,shoes
27ee39fb,India,Female,18-25,office wear,Winter,"joggers,shoes,gens,shirts",tshirt,Levis,shorts
91c5aed5,UAE,Male,30-40,sports wear,Spring,"syndo,shirts,joggers,fashion",shirt,Zara,jeans
32a006dd,UAE,Male,25-30,office wear,Winter,"syndo,shoes,joggers,gens",jeans,Zara,belt
8470cae9,UAE,Female,30-40,sports wear,Spring,"shorts,tshirt,shoes,joggers",shoes,Levis,joggers
18dfd04b,India,Female,40+,office wear,Winter,"joggers,jeans,shorts,shoes",jeans,Zara,belt
d2c2d765,Pakistan,Male,30-40,office wear,Spring,"gens,syndo,shoes,joggers",joggers,Outfitters,tshirt
98587e7f,Pakistan,Male,18-25,party wear,Winter,"joggers,shoes,tshirt,shorts",shirt,Addidas,shoes
55735031,India,Female,30-40,party wear,Winter,"flipflop,shirts,gens,jeans",shorts,Addidas,flipflop
4153a18e,Pakistan,Female,25-30,daily wear,Autumn,"joggers,shoes,gens,syndo",shoes,Addidas,socks
cd008b47,UAE,Female,25-30,daily wear,Autumn,"shorts,joggers,shirts,gens",shorts,Addidas,tanktop
a3621149,UAE,Male,25-30,office wear,Spring,"shirts,gens,shorts,shoes",tshirt,Addidas,flipflop
54a26c74,UAE,Male,18-25,office wear,Spring,"joggers,shirts,tshirt,jeans",shirt,Zara,jeans
abc87ecc,India,Male,25-30,sports wear,Summer,"shorts,fashion,shoes,syndo",shirt,Zara,jeans
e3d42ec7,India,Male,18-25,sports wear,Summer,"jeans,flipflop,syndo,gens",shirt,Addidas,shoes
8c3201df,UAE,Male,30-40,party wear,Summer,"gens,jeans,tshirt,syndo",shorts,Nike,flipflop
4558f4aa,UAE,Female,25-30,sports wear,Summer,"jeans,shirts,fashion,shorts",shorts,Addidas,tanktop
18c1d935,Pakistan,Female,25-30,sports wear,Winter,"shorts,shirts,shoes,gens",jeans,Zara,belt
43cd884e,India,Female,30-40,daily wear,Winter,"flipflop,joggers,shirts,fashion",joggers,Addidas,tshirt
ef1707b5,UAE,Female,25-30,sports wear,Spring,"shorts,tshirt,shoes,flipflop",flipflop,Levis,shorts
020479df,Pakistan,Female,30-40,daily wear,Winter,"shoes,gens,shirts,jeans",shoes,Nike,joggers
7afa10ef,Pakistan,Female,18-25,office wear,Autumn,"shoes,gens,shirts,shorts",joggers,Nike,hoodie
a976f95d,India,Male,30-40,office wear,Spring,"shoes,shirts,tshirt,shorts",shoes,Levis,joggers
76bc63cf,UAE,Male,25-30,party wear,Spring,"joggers,shorts,gens,flipflop",joggers,Outfitters,tshirt
0a572e34,India,Male,40+,daily wear,Winter,"gens,flipflop,syndo,shorts",tshirt,Outfitters,shorts
abfac0f9,India,Male,30-40,office wear,Winter,"shorts,jeans,joggers,flipflop",shorts,Addidas,tanktop
e8be1355,Pakistan,Male,40+,office wear,Spring,"flipflop,syndo,shorts,shoes",shirt,Nike,shoes
ed1d0020,UAE,Female,40+,daily wear,Spring,"shorts,shirts,jeans,shoes",shirt,Addidas,shoes
58750d76,UAE,Female,25-30,party wear,Summer,"shoes,gens,tshirt,flipflop",shoes,Addidas,socks
0f99eb0c,UAE,Male,40+,office wear,Winter,"jeans,flipflop,syndo,shoes",jeans,Zara,belt
38f2acea,Pakistan,Male,30-40,office wear,Summer,"fashion,jeans,joggers,gens",flipflop,Levis,shorts
c3d1e779,Pakistan,Female,18-25,office wear,Winter,"shoes,flipflop,gens,tshirt",shirt,Zara,jeans
9ebf5d7c,India,Male,30-40,sports wear,Summer,"syndo,jeans,shirts,gens",flipflop,Outfitters,tshirt
a38d71bf,UAE,Male,40+,office wear,Winter,"shoes,shorts,joggers,jeans",shirt,Levis,jeans
2915be00,UAE,Female,40+,sports wear,Summer,"shorts,tshirt,shirts,shoes",tshirt,Outfitters,shorts
303ed8eb,India,Male,30-40,daily wear,Winter,"gens,shoes,syndo,tshirt",tshirt,Nike,flipflop
4ec6cd26,India,Male,40+,daily wear,Spring,"shoes,flipflop,shorts,gens",tshirt,Outfitters,shorts
1faf47d3,UAE,Female,18-25,daily wear,Summer,"shoes,tshirt,shorts,syndo",jeans,Zara,shirt
7dd672b5,India,Male,30-40,sports wear,Summer,"jeans,joggers,gens,flipflop",jeans,Zara,belt
5fd82bef,Pakistan,Female,40+,office wear,Spring,"shirts,shoes,shorts,jeans",jeans,Zara,belt
5a06eb62,UAE,Female,30-40,party wear,Spring,"shirts,syndo,jeans,joggers",shorts,Addidas,tanktop
622d15fe,India,Female,25-30,party wear,Autumn,"shirts,fashion,gens,tshirt",tshirt,Addidas,flipflop
34522540,Pakistan,Female,30-40,office wear,Winter,"syndo,shirts,shorts,flipflop",joggers,Nike,hoodie
60f1b715,UAE,Male,18-25,daily wear,Summer,"syndo,jeans,flipflop,fashion",joggers,Addidas,tshirt
1cdaf6a9,India,Male,18-25,daily wear,Autumn,"flipflop,joggers,tshirt,fashion",tshirt,Outfitters,shorts
1c5a778a,UAE,Male,40+,party wear,Spring,"gens,flipflop,fashion,jeans",jeans,Outfitters,shirt
e7aed590,UAE,Female,30-40,daily wear,Autumn,"flipflop,shirts,gens,joggers",shorts,Addidas,tanktop
a93ab4b5,Pakistan,Female,30-40,sports wear,Winter,"shorts,joggers,fashion,shoes",joggers,Nike,hoodie
be0db450,India,Female,25-30,party wear,Spring,"jeans,joggers,flipflop,shoes",shoes,Addidas,socks
04fc00a6,Pakistan,Male,25-30,daily wear,Spring,"joggers,syndo,jeans,gens",shoes,Levis,joggers
7535abf8,UAE,Male,18-25,sports wear,Spring,"shorts,shoes,flipflop,jeans",tshirt,Addidas,flipflop
4e51f850,India,Male,30-40,party wear,Autumn,"flipflop,shoes,fashion,jeans",jeans,Zara,shirt
c2a60af9,Pakistan,Male,40+,daily wear,Autumn,"shorts,syndo,flipflop,joggers",flipflop,Levis,shorts
dbcdac0f,India,Male,40+,office wear,Summer,"shorts,flipflop,syndo,gens",joggers,Addidas,tshirt
8f325ef9,Pakistan,Male,18-25,party wear,Winter,"gens,flipflop,shirts,fashion",shorts,Nike,flipflop
3868ad4e,India,Male,25-30,daily wear,Winter,"tshirt,shirts,shorts,gens",shorts,Addidas,flipflop
367fd5f9,Pakistan,Female,40+,office wear,Summer,"fashion,shirts,syndo,shorts",joggers,Outfitters,tshirt
0a27edc9,UAE,Male,25-30,daily wear,Winter,"gens,shoes,fashion,shorts",shoes,Addidas,socks
ddbf7c99,India,Female,18-25,daily wear,Spring,"fashion,joggers,tshirt,shorts",joggers,Outfitters,tshirt
8fa8ee6e,India,Male,40+,sports wear,Spring,"shirts,tshirt,jeans,shorts",shorts,Addidas,tanktop
32343878,Pakistan,Male,25-30,party wear,Autumn,"jeans,tshirt,joggers,gens",joggers,Outfitters,tshirt
c27e9465,UAE,Female,40+,sports wear,Winter,"tshirt,syndo,fashion,gens",shoes,Levis,joggers
5330cdf1,Pakistan,Male,25-30,office wear,Autumn,"jeans,fashion,gens,joggers",shirt,Nike,shoes
95ef60b4,India,Female,40+,daily wear,Spring,"shorts,gens,fashion,jeans",shoes,Addidas,socks
1898ee3a,Pakistan,Female,18-25,party wear,Summer,"syndo,shorts,gens,shoes",jeans,Zara,belt
76f6b41e,UAE,Female,40+,daily wear,Spring,"shoes,flipflop,tshirt,syndo",flipflop,Levis,shorts
cdb7dc84,UAE,Male,30-40,sports wear,Autumn,"joggers,fashion,jeans,flipflop",joggers,Nike,hoodie
6de460e3,UAE,Female,30-40,party wear,Winter,"jeans,flipflop,tshirt,shirts",jeans,Zara,belt
8120ec11,India,Male,40+,office wear,Spring,"fashion,shorts,syndo,joggers",shirt,Nike,shoes
cb684531,UAE,Female,40+,sports wear,Winter,"shorts,fashion,shirts,gens",shorts,Addidas,tanktop
b242af85,India,Female,25-30,daily wear,Spring,"shorts,gens,jeans,tshirt",joggers,Nike,hoodie
1db9d4fb,UAE,Male,40+,office wear,Winter,"tshirt,shorts,flipflop,shoes",shoes,Nike,joggers
c266220f,India,Male,25-30,daily wear,Autumn,"shorts,shirts,gens,fashion",jeans,Zara,belt
dd874849,Pakistan,Male,25-30,party wear,Spring,"shirts,fashion,tshirt,shorts",shorts,Addidas,tanktop
55ed8eb5,UAE,Male,18-25,daily wear,Autumn,"tshirt,fashion,shoes,jeans",shoes,Nike,joggers
8694a133,UAE,Male,40+,party wear,Summer,"jeans,tshirt,syndo,gens",tshirt,Addidas,flipflop
88ae1170,Pakistan,Female,40+,office wear,Spring,"jeans,shorts,gens,syndo",joggers,Outfitters,tshirt
b8d7f5ad,Pakistan,Female,25-30,party wear,Winter,"flipflop,shorts,shoes,joggers",joggers,Outfitters,tshirt
b9f4f008,India,Male,30-40,sports wear,Summer,"tshirt,flipflop,joggers,fashion",shoes,Nike,joggers
4a16500e,Pakistan,Male,18-25,office wear,Spring,"shirts,gens,shoes,jeans",shoes,Nike,joggers
4a078158,India,Male,40+,daily wear,Winter,"shorts,shirts,gens,syndo",tshirt,Levis,shorts
81813423,UAE,Female,18-25,daily wear,Summer,"shorts,syndo,flipflop,tshirt",shirt,Nike,shoes
ab4c4588,UAE,Male,18-25,daily wear,Winter,"syndo,joggers,tshirt,fashion",joggers,Outfitters,tshirt
ccf052fd,UAE,Female,25-30,party wear,Winter,"shoes,syndo,flipflop,fashion",jeans,Zara,shirt
36883dd1,India,Male,18-25,party wear,Spring,"jeans,shorts,syndo,gens",shoes,Nike,joggers
cfe16acc,Pakistan,Male,18-25,party wear,Spring,"shoes,shirts,joggers,shorts",jeans,Zara,belt
452978b8,Pakistan,Female,18-25,party wear,Winter,"flipflop,shoes,shorts,shirts",flipflop,Levis,shorts
700b0fad,India,Male,40+,office wear,Summer,"flipflop,fashion,joggers,jeans",joggers,Addidas,tshirt
ec95935a,UAE,Male,40+,daily wear,Winter,"gens,shorts,joggers,syndo",flipflop,Outfitters,tshirt
fa142dbf,UAE,Male,18-25,sports wear,Spring,"tshirt,shoes,jeans,flipflop",shoes,Levis,joggers
daefd253,Pakistan,Male,40+,party wear,Summer,"shirts,tshirt,jeans,shoes",tshirt,Levis,shorts
23828ec8,India,Female,25-30,daily wear,Summer,"shoes,gens,fashion,jeans",shirt,Nike,shoes
93fdc17c,UAE,Female,40+,sports wear,Spring,"shirts,shorts,joggers,fashion",joggers,Nike,hoodie
bfa15126,Pakistan,Male,40+,daily wear,Winter,"tshirt,syndo,jeans,shorts",flipflop,Outfitters,shorts
8f3f10b2,Pakistan,Male,40+,daily wear,Winter,"fashion,tshirt,shirts,gens",jeans,Zara,shirt
72f3abbb,India,Female,18-25,party wear,Spring,"shorts,flipflop,joggers,shirts",shirt,Levis,jeans
9919cb09,India,Female,18-25,office wear,Spring,"shorts,fashion,joggers,tshirt",flipflop,Levis,shorts
d3152587,India,Female,18-25,daily wear,Winter,"shoes,flipflop,shorts,syndo",joggers,Outfitters,tshirt
ad2d154d,India,Male,30-40,office wear,Winter,"flipflop,joggers,fashion,shorts",flipflop,Levis,shorts
e2495800,Pakistan,Female,18-25,daily wear,Winter,"syndo,gens,fashion,shorts",jeans,Zara,shirt
9f6c5e84,UAE,Male,18-25,sports wear,Autumn,"shorts,syndo,joggers,jeans",jeans,Zara,belt
e65b9af7,UAE,Male,40+,party wear,Autumn,"tshirt,syndo,shoes,flipflop",jeans,Outfitters,shirt
f20d3127,India,Female,25-30,office wear,Spring,"jeans,joggers,shorts,shirts",flipflop,Levis,shorts
b34a6fb0,UAE,Female,40+,daily wear,Spring,"tshirt,jeans,shorts,gens",shorts,Nike,flipflop
d99a560c,India,Male,18-25,daily wear,Spring,"flipflop,shirts,fashion,shorts",shoes,Levis,joggers
d7fb47b3,India,Male,18-25,sports wear,Summer,"syndo,shirts,flipflop,tshirt",shorts,Nike,flipflop
20f6f121,UAE,Male,18-25,sports wear,Autumn,"jeans,fashion,gens,shorts",jeans,Zara,belt
d362c400,India,Female,18-25,daily wear,Summer,"shoes,jeans,syndo,fashion",shorts,Nike,flipflop
e2c734db,Pakistan,Male,30-40,sports wear,Autumn,"fashion,syndo,shorts,flipflop",jeans,Zara,belt
66b1774c,India,Male,30-40,daily wear,Spring,"shorts,flipflop,syndo,shirts",shirt,Nike,shoes
3980e803,India,Female,40+,office wear,Winter,"shoes,joggers,gens,shorts",shoes,Addidas,socks
0ebe1306,Pakistan,Female,18-25,daily wear,Summer,"shorts,shoes,fashion,joggers",shorts,Addidas,flipflop
6abeaf42,UAE,Female,25-30,sports wear,Spring,"shirts,jeans,shoes,tshirt",shorts,Addidas,flipflop
2cd5b599,Pakistan,Female,18-25,party wear,Spring,"fashion,flipflop,tshirt,shorts",joggers,Nike,hoodie
adbf2547,Pakistan,Female,30-40,daily wear,Summer,"shorts,shoes,flipflop,gens",jeans,Zara,belt
a8ab89d6,India,Male,40+,daily wear,Summer,"tshirt,shoes,flipflop,gens",tshirt,Outfitters,shorts
8986b751,India,Male,25-30,daily wear,Autumn,"shirts,jeans,shoes,tshirt",jeans,Outfitters,shirt
70d147f8,UAE,Female,25-30,sports wear,Spring,"joggers,syndo,fashion,jeans",shirt,Zara,jeans
79695da0,Pakistan,Female,18-25,party wear,Spring,"shirts,flipflop,shorts,shoes",shirt,Levis,jeans
fd14344a,India,Male,25-30,party wear,Summer,"fashion,shorts,joggers,flipflop",shirt,Addidas,shoes
39ddd047,UAE,Female,18-25,office wear,Summer,"joggers,flipflop,tshirt,shoes",joggers,Nike,hoodie
3d85ab89,UAE,Female,40+,party wear,Autumn,"gens,syndo,shorts,shoes",shorts,Nike,flipflop
c543d91f,India,Male,25-30,sports wear,Autumn,"jeans,flipflop,shorts,shirts",joggers,Nike,hoodie
a4192b66,India,Male,25-30,sports wear,Summer,"flipflop,gens,fashion,shoes",shoes,Nike,joggers
89257ede,UAE,Female,40+,daily wear,Autumn,"jeans,joggers,tshirt,shorts",shoes,Nike,joggers
600325c8,Pakistan,Female,25-30,daily wear,Autumn,"joggers,gens,flipflop,shoes",shoes,Nike,joggers
db9483ca,UAE,Female,25-30,office wear,Autumn,"syndo,fashion,shoes,tshirt",joggers,Addidas,tshirt
50393931,UAE,Male,25-30,sports wear,Spring,"flipflop,syndo,gens,jeans",shirt,Addidas,shoes
ce096185,India,Male,40+,party wear,Summer,"jeans,tshirt,gens,joggers",joggers,Addidas,tshirt
a253db54,UAE,Male,18-25,party wear,Summer,"flipflop,shirts,shoes,joggers",shoes,Nike,joggers
cf175357,Pakistan,Female,40+,office wear,Spring,"shirts,shorts,joggers,shoes",shirt,Levis,jeans
efa1367e,India,Female,18-25,sports wear,Winter,"flipflop,jeans,shirts,tshirt",tshirt,Levis,shorts
ed5430cc,UAE,Male,30-40,daily wear,Summer,"jeans,shorts,shoes,flipflop",shorts,Addidas,flipflop
232b9906,Pakistan,Male,25-30,office wear,Autumn,"tshirt,shorts,fashion,shoes",tshirt,Nike,flipflop
c96a5c42,Pakistan,Male,25-30,party wear,Autumn,"gens,shirts,joggers,shoes",tshirt,Nike,flipflop
9961de0e,India,Female,25-30,sports wear,Winter,"shirts,tshirt,flipflop,syndo",jeans,Zara,belt
bd956f55,Pakistan,Male,18-25,office wear,Autumn,"joggers,tshirt,syndo,jeans",joggers,Addidas,tshirt
9a3f07da,UAE,Female,40+,office wear,Summer,"joggers,flipflop,tshirt,jeans",shorts,Addidas,tanktop
123b2eca,India,Male,30-40,sports wear,Winter,"flipflop,tshirt,gens,jeans",shoes,Addidas,socks
e1ad85c2,Pakistan,Female,18-25,office wear,Spring,"flipflop,shoes,syndo,jeans",shorts,Addidas,tanktop
bbdb8455,Pakistan,Male,30-40,sports wear,Summer,"jeans,shorts,shoes,shirts",shirt,Levis,jeans
46f50cd7,Pakistan,Male,40+,daily wear,Winter,"shorts,shoes,joggers,flipflop",shorts,Nike,flipflop
75fbb6fb,India,Male,18-25,party wear,Winter,"shirts,syndo,jeans,tshirt",shorts,Addidas,flipflop
4d7640c8,UAE,Female,30-40,party wear,Winter,"flipflop,shirts,joggers,gens",shoes,Addidas,socks
202bbf30,India,Male,18-25,office wear,Spring,"shorts,jeans,shoes,joggers",jeans,Zara,shirt
9450e995,Pakistan,Male,30-40,sports wear,Spring,"flipflop,shoes,fashion,shirts",shoes,Nike,joggers
d979f60a,India,Male,18-25,sports wear,Summer,"joggers,gens,fashion,shirts",shorts,Addidas,flipflop
c61d445f,Pakistan,Female,25-30,daily wear,Autumn,"shirts,flipflop,syndo,tshirt",shirt,Zara,jeans
30fa5098,UAE,Female,25-30,daily wear,Summer,"shoes,joggers,syndo,tshirt",flipflop,Levis,shorts
ae17370a,UAE,Male,25-30,daily wear,Summer,"shirts,fashion,joggers,gens",shoes,Nike,joggers
5411765b,India,Male,30-40,sports wear,Autumn,"shorts,syndo,shirts,joggers",tshirt,Outfitters,shorts
68d24089,UAE,Female,18-25,office wear,Winter,"tshirt,syndo,shoes,shirts",jeans,Zara,belt
37de84b3,India,Male,30-40,office wear,Summer,"shirts,joggers,tshirt,syndo",joggers,Addidas,tshirt
eeaed315,UAE,Male,18-25,party wear,Autumn,"shorts,shirts,syndo,jeans",shirt,Zara,jeans
3a1e31c0,Pakistan,Male,40+,daily wear,Spring,"fashion,shirts,tshirt,jeans",shorts,Addidas,tanktop
c03e6af1,UAE,Male,18-25,daily wear,Winter,"jeans,joggers,shoes,gens",jeans,Zara,belt
ad15c746,India,Male,30-40,office wear,Winter,"gens,shirts,fashion,joggers",jeans,Outfitters,shirt
8b9d60af,India,Female,18-25,party wear,Summer,"shirts,flipflop,tshirt,gens",joggers,Nike,hoodie
35700135,India,Male,18-25,party wear,Spring,"flipflop,joggers,shirts,gens",tshirt,Addidas,flipflop
891a4b91,India,Male,40+,daily wear,Autumn,"shorts,shoes,syndo,tshirt",flipflop,Outfitters,tshirt
d99d4700,Pakistan,Male,18-25,office wear,Summer,"flipflop,gens,shoes,joggers",shirt,Levis,jeans
016b99a0,UAE,Male,30-40,sports wear,Winter,"tshirt,shorts,gens,shoes",shirt,Addidas,shoes
c77caa4c,Pakistan,Female,25-30,party wear,Autumn,"fashion,tshirt,gens,syndo",tshirt,Addidas,flipflop
b84f84ba,India,Male,25-30,sports wear,Summer,"jeans,shorts,shirts,fashion",shoes,Addidas,socks
20ba9d7d,UAE,Male,25-30,office wear,Summer,"tshirt,jeans,shorts,syndo",shirt,Addidas,shoes
91bd54ec,UAE,Female,18-25,sports wear,Summer,"syndo,shorts,shoes,gens",flipflop,Outfitters,shorts
2d7788cf,India,Female,25-30,party wear,Summer,"gens,shirts,tshirt,shorts",shorts,Addidas,flipflop
2695397b,UAE,Male,30-40,daily wear,Summer,"shoes,tshirt,shirts,jeans",shoes,Nike,joggers
cf0595de,UAE,Male,30-40,sports wear,Summer,"fashion,shoes,shirts,syndo",tshirt,Addidas,flipflop
b17de1ef,Pakistan,Male,18-25,sports wear,Winter,"syndo,tshirt,shorts,shoes",shoes,Nike,joggers
bc6a7f8c,Pakistan,Female,30-40,daily wear,Autumn,"fashion,jeans,shoes,shirts",flipflop,Levis,shorts
f3bc3a12,Pakistan,Female,40+,sports wear,Autumn,"syndo,joggers,shorts,tshirt",jeans,Zara,belt
0a9291fa,Pakistan,Male,30-40,party wear,Summer,"tshirt,shirts,fashion,shorts",flipflop,Levis,shorts
584b6eab,Pakistan,Male,18-25,party wear,Summer,"syndo,flipflop,jeans,joggers",tshirt,Levis,shorts
153e0cb3,UAE,Male,30-40,office wear,Summer,"shorts,syndo,flipflop,shoes",shoes,Addidas,socks
2ca857ef,Pakistan,Female,18-25,office wear,Winter,"shoes,joggers,shirts,tshirt",tshirt,Nike,flipflop
6043bda3,UAE,Male,30-40,daily wear,Winter,"gens,shorts,joggers,flipflop",shirt,Addidas,shoes
6141218d,Pakistan,Male,40+,sports wear,Winter,"tshirt,jeans,joggers,shorts",shorts,Nike,flipflop
d49b7e4b,India,Male,40+,sports wear,Winter,"shoes,syndo,joggers,shorts",tshirt,Addidas,flipflop
d53a796c,UAE,Female,40+,daily wear,Spring,"shoes,shorts,jeans,gens",shoes,Addidas,socks
00dd0ee4,UAE,Male,30-40,party wear,Spring,"fashion,jeans,joggers,shorts",flipflop,Outfitters,shorts
18c5505a,Pakistan,Female,30-40,office wear,Autumn,"jeans,gens,syndo,flipflop",shoes,Addidas,socks
d9b2a121,Pakistan,Male,30-40,sports wear,Summer,"shirts,syndo,flipflop,gens",shirt,Levis,jeans
e6f52631,India,Male,25-30,sports wear,Summer,"tshirt,gens,jeans,syndo",tshirt,Addidas,flipflop
ede9b6af,Pakistan,Female,25-30,office wear,Summer,"flipflop,shorts,joggers,jeans",shoes,Addidas,socks
2ce774ed,UAE,Male,25-30,sports wear,Autumn,"joggers,jeans,flipflop,tshirt",shoes,Nike,joggers
d4006ed2,India,Male,40+,sports wear,Autumn,"jeans,joggers,shirts,tshirt",tshirt,Nike,flipflop
cb13ceb1,UAE,Female,40+,daily wear,Winter,"tshirt,joggers,flipflop,gens",tshirt,Levis,shorts
4184a352,Pakistan,Female,25-30,daily wear,Summer,"joggers,shoes,syndo,shirts",tshirt,Nike,flipflop
c7fc9255,India,Female,30-40,daily wear,Winter,"jeans,gens,syndo,flipflop",tshirt,Outfitters,shorts
9ea3f246,UAE,Female,18-25,office wear,Spring,"shirts,gens,shorts,syndo",shorts,Addidas,flipflop
94a51846,UAE,Female,25-30,party wear,Autumn,"syndo,fashion,jeans,shirts",jeans,Zara,shirt
c2339c8c,UAE,Male,30-40,daily wear,Summer,"jeans,tshirt,gens,syndo",jeans,Zara,belt
be4ffe9e,India,Female,18-25,office wear,Summer,"gens,shoes,syndo,joggers",jeans,Outfitters,shirt
6eb8ea64,India,Male,18-25,sports wear,Autumn,"jeans,tshirt,fashion,shorts",flipflop,Addidas,tshirt
fc0d07e9,India,Female,30-40,office wear,Spring,"tshirt,shoes,fashion,joggers",jeans,Outfitters,shirt
9a2c93a0,Pakistan,Female,18-25,daily wear,Summer,"jeans,flipflop,gens,shoes",joggers,Nike,hoodie
30b6ac39,India,Male,25-30,office wear,Winter,"shoes,flipflop,jeans,syndo",joggers,Outfitters,tshirt
92d05204,India,Male,30-40,office wear,Autumn,"shirts,jeans,fashion,syndo",shoes,Nike,joggers
6b3bb961,Pakistan,Female,30-40,office wear,Autumn,"shoes,syndo,shirts,tshirt",joggers,Nike,hoodie
b273dc63,Pakistan,Male,40+,daily wear,Autumn,"fashion,joggers,shirts,flipflop",flipflop,Outfitters,shorts
5604b063,India,Male,30-40,party wear,Spring,"joggers,gens,flipflop,shoes",tshirt,Outfitters,shorts
f1f62b15,UAE,Female,25-30,party wear,Autumn,"shoes,fashion,gens,shorts",joggers,Nike,hoodie
46a2d8e2,India,Female,25-30,sports wear,Summer,"shirts,fashion,shorts,tshirt",tshirt,Nike,flipflop
8a2786eb,Pakistan,Female,25-30,office wear,Spring,"gens,joggers,shoes,shorts",shoes,Nike,joggers
e8308088,Pakistan,Male,40+,party wear,Winter,"shoes,tshirt,joggers,flipflop",shoes,Nike,joggers
e8ad3dc0,UAE,Male,18-25,daily wear,Winter,"fashion,shirts,flipflop,joggers",joggers,Nike,hoodie
0a1a89c6,Pakistan,Female,25-30,party wear,Autumn,"fashion,tshirt,shorts,syndo",joggers,Nike,hoodie
45dce8c4,India,Female,18-25,party wear,Autumn,"joggers,gens,shirts,jeans",jeans,Zara,shirt
549946f6,India,Male,30-40,sports wear,Summer,"shirts,syndo,shoes,joggers",jeans,Zara,shirt
72e3b2e2,Pakistan,Female,30-40,office wear,Winter,"jeans,shirts,flipflop,shoes",jeans,Zara,belt
fb92ed3c,India,Male,30-40,party wear,Summer,"fashion,syndo,shirts,gens",jeans,Zara,belt
a6a6c47e,UAE,Female,25-30,sports wear,Winter,"joggers,shorts,shirts,jeans",joggers,Outfitters,tshirt
87ccff2c,UAE,Male,25-30,party wear,Summer,"tshirt,jeans,gens,syndo",tshirt,Nike,flipflop
9184a0f8,UAE,Male,25-30,sports wear,Autumn,"gens,shirts,syndo,flipflop",tshirt,Addidas,flipflop
0b7b1d43,India,Male,25-30,office wear,Spring,"flipflop,gens,tshirt,syndo",tshirt,Nike,flipflop
25b7546b,India,Female,25-30,party wear,Winter,"syndo,shoes,shirts,flipflop",shorts,Nike,flipflop
596ddbbd,UAE,Female,25-30,daily wear,Summer,"gens,syndo,joggers,shorts",shorts,Addidas,tanktop
200910f3,Pakistan,Female,40+,party wear,Summer,"shorts,shirts,flipflop,jeans",shorts,Nike,flipflop
1b6ce95a,Pakistan,Female,25-30,daily wear,Winter,"syndo,jeans,shoes,flipflop",joggers,Addidas,tshirt
f18f63f7,Pakistan,Female,18-25,party wear,Winter,"jeans,tshirt,syndo,shorts",shoes,Nike,joggers
4d36d8c8,India,Female,30-40,party wear,Summer,"flipflop,shoes,gens,joggers",tshirt,Nike,flipflop
80cb23c4,Pakistan,Male,40+,daily wear,Autumn,"shoes,tshirt,fashion,flipflop",tshirt,Nike,flipflop
e0998168,India,Male,30-40,party wear,Summer,"fashion,shoes,syndo,jeans",shorts,Nike,flipflop
70c32dc9,UAE,Female,18-25,party wear,Spring,"jeans,syndo,shirts,gens",shirt,Levis,jeans
c89faaf5,UAE,Female,30-40,party wear,Winter,"shorts,gens,jeans,joggers",joggers,Addidas,tshirt
16b4dc3f,UAE,Male,30-40,party wear,Autumn,"tshirt,syndo,gens,shorts",jeans,Zara,shirt
175dc48a,India,Female,18-25,sports wear,Winter,"shorts,shoes,flipflop,tshirt",joggers,Nike,hoodie
6e989bac,Pakistan,Male,25-30,sports wear,Summer,"shorts,gens,shirts,tshirt",flipflop,Addidas,tshirt
4b8ca3bf,Pakistan,Female,18-25,office wear,Autumn,"shirts,syndo,gens,fashion",shirt,Addidas,shoes
8d45d7b1,UAE,Male,30-40,office wear,Winter,"shoes,joggers,syndo,fashion",flipflop,Outfitters,tshirt
464232f8,UAE,Female,40+,daily wear,Spring,"flipflop,syndo,shirts,joggers",shoes,Addidas,socks
f53e79c3,Pakistan,Female,30-40,daily wear,Winter,"shorts,joggers,syndo,jeans",shoes,Levis,joggers
e0223692,UAE,Female,25-30,sports wear,Spring,"shirts,tshirt,joggers,shorts",tshirt,Nike,flipflop
2ac6f56e,India,Female,18-25,party wear,Winter,"shorts,fashion,joggers,flipflop",shorts,Nike,flipflop
807431c2,India,Female,25-30,daily wear,Spring,"jeans,shirts,fashion,tshirt",tshirt,Outfitters,shorts
2e0bebbf,India,Female,25-30,party wear,Summer,"joggers,flipflop,shirts,gens",flipflop,Addidas,tshirt
53fa6c5c,UAE,Female,25-30,daily wear,Summer,"shirts,tshirt,gens,flipflop",joggers,Addidas,tshirt
3dd89d2d,India,Male,25-30,party wear,Summer,"syndo,fashion,shoes,flipflop",tshirt,Outfitters,shorts
7facdfb7,India,Male,30-40,party wear,Winter,"flipflop,shorts,shirts,tshirt",jeans,Zara,belt
a452374c,Pakistan,Female,30-40,party wear,Autumn,"tshirt,shirts,joggers,shorts",shoes,Nike,joggers
58505f9d,UAE,Male,25-30,party wear,Spring,"gens,flipflop,joggers,shirts",shorts,Nike,flipflop
70f21c08,UAE,Male,30-40,party wear,Autumn,"shorts,fashion,shirts,shoes",tshirt,Addidas,flipflop
af23c357,UAE,Female,40+,daily wear,Summer,"fashion,joggers,flipflop,tshirt",shorts,Addidas,tanktop
3a0b50b4,India,Female,18-25,sports wear,Spring,"syndo,gens,tshirt,jeans",jeans,Zara,shirt
61b0f8cc,India,Female,18-25,sports wear,Winter,"joggers,jeans,flipflop,shoes",flipflop,Levis,shorts
772b5ac3,India,Female,18-25,daily wear,Spring,"jeans,fashion,shoes,tshirt",shorts,Nike,flipflop
f44a9667,Pakistan,Female,25-30,daily wear,Summer,"shoes,shirts,fashion,joggers",shorts,Addidas,flipflop
015520a8,India,Male,30-40,daily wear,Winter,"shorts,fashion,flipflop,jeans",jeans,Zara,belt
16378f16,India,Male,18-25,party wear,Spring,"joggers,tshirt,shorts,fashion",tshirt,Addidas,flipflop
9778cc7a,UAE,Male,25-30,sports wear,Summer,"joggers,fashion,shorts,shoes",tshirt,Addidas,flipflop
98bf97b0,India,Female,18-25,party wear,Summer,"flipflop,joggers,syndo,shorts",shoes,Levis,joggers
913010a1,Pakistan,Male,25-30,sports wear,Winter,"fashion,syndo,joggers,shorts",shirt,Zara,jeans
7e830890,UAE,Female,25-30,sports wear,Winter,"shirts,jeans,flipflop,joggers",jeans,Outfitters,shirt
81e4149b,UAE,Female,30-40,office wear,Autumn,"syndo,shorts,joggers,shoes",shirt,Zara,jeans
1130dc2e,Pakistan,Female,30-40,office wear,Spring,"tshirt,joggers,shorts,flipflop",shorts,Addidas,tanktop
a34cd6e1,UAE,Female,30-40,office wear,Summer,"joggers,flipflop,jeans,syndo",shoes,Nike,joggers
9cf7968e,Pakistan,Male,25-30,office wear,Summer,"shoes,jeans,shorts,syndo",shoes,Nike,joggers
62ef08e4,India,Male,18-25,office wear,Autumn,"shirts,gens,fashion,shorts",shoes,Addidas,socks
39b1bccd,UAE,Male,18-25,office wear,Spring,"shirts,shoes,gens,flipflop",shoes,Nike,joggers
a8feef28,India,Male,40+,office wear,Winter,"syndo,joggers,shirts,jeans",tshirt,Addidas,flipflop
4bc061fd,UAE,Female,18-25,party wear,Autumn,"fashion,joggers,shorts,flipflop",jeans,Zara,shirt
206d03a0,UAE,Female,18-25,office wear,Autumn,"syndo,shoes,shirts,shorts",flipflop,Outfitters,shorts
4ec7e3b4,Pakistan,Female,40+,daily wear,Summer,"gens,syndo,tshirt,flipflop",jeans,Zara,belt
d9753674,UAE,Male,18-25,daily wear,Autumn,"shirts,tshirt,shoes,shorts",shirt,Levis,jeans
b1da52ea,India,Male,18-25,party wear,Winter,"joggers,shirts,tshirt,jeans",joggers,Addidas,tshirt
9a0e46cb,India,Female,18-25,daily wear,Summer,"shorts,fashion,flipflop,joggers",joggers,Nike,hoodie
82982276,India,Male,40+,office wear,Summer,"shoes,gens,flipflop,syndo",shorts,Nike,flipflop
88b5dda9,Pakistan,Female,30-40,daily wear,Autumn,"jeans,joggers,tshirt,shorts",jeans,Outfitters,shirt
a81e3ce4,India,Male,25-30,daily wear,Winter,"flipflop,shirts,shoes,fashion",flipflop,Outfitters,tshirt
1a7d4022,UAE,Female,25-30,party wear,Winter,"gens,fashion,syndo,joggers",shoes,Addidas,socks
266791a2,India,Female,25-30,sports wear,Summer,"flipflop,gens,joggers,syndo",shirt,Zara,jeans
7d25d2da,Pakistan,Female,18-25,office wear,Winter,"shorts,jeans,tshirt,shirts",shorts,Addidas,tanktop
04991ce8,Pakistan,Male,25-30,daily wear,Summer,"shoes,syndo,gens,flipflop",shorts,Nike,flipflop
3bdeac09,Pakistan,Female,25-30,sports wear,Autumn,"fashion,shorts,gens,syndo",shoes,Addidas,socks
96ea055c,UAE,Male,40+,office wear,Summer,"shorts,gens,jeans,shirts",shorts,Addidas,tanktop
8f90c82b,Pakistan,Female,25-30,daily wear,Autumn,"flipflop,jeans,gens,joggers",tshirt,Levis,shorts
9d1c3083,Pakistan,Male,30-40,party wear,Spring,"shoes,flipflop,joggers,gens",shoes,Levis,joggers
43771a85,India,Female,40+,party wear,Summer,"fashion,flipflop,tshirt,syndo",shirt,Nike,shoes
14e61bb5,Pakistan,Female,25-30,sports wear,Spring,"tshirt,shorts,gens,jeans",shirt,Levis,jeans
5f17b2c3,Pakistan,Female,18-25,daily wear,Spring,"flipflop,joggers,shorts,shirts",shorts,Addidas,flipflop
521946af,Pakistan,Male,18-25,daily wear,Summer,"fashion,shirts,jeans,syndo",shorts,Addidas,tanktop
e7013774,Pakistan,Female,18-25,sports wear,Autumn,"fashion,gens,flipflop,syndo",shirt,Levis,jeans
bdf73d09,UAE,Male,30-40,party wear,Spring,"tshirt,shirts,flipflop,syndo",shoes,Levis,joggers
00e41fa3,Pakistan,Female,25-30,daily wear,Spring,"shorts,gens,shirts,jeans",shorts,Addidas,tanktop
89aae9ed,Pakistan,Male,30-40,sports wear,Spring,"tshirt,flipflop,joggers,syndo",jeans,Zara,belt
071ee3f6,Pakistan,Female,30-40,party wear,Winter,"flipflop,gens,shorts,syndo",shirt,Zara,jeans
8233e92c,India,Male,25-30,sports wear,Spring,"tshirt,jeans,fashion,syndo",shoes,Nike,joggers
fb0f4edf,Pakistan,Male,25-30,daily wear,Spring,"gens,shirts,joggers,fashion",shoes,Addidas,socks
e58361d1,UAE,Female,25-30,party wear,Spring,"shoes,shirts,syndo,shorts",shoes,Levis,joggers
343f14d8,UAE,Female,25-30,sports wear,Summer,"fashion,shoes,tshirt,syndo",shoes,Nike,joggers
e01f3ba4,India,Female,30-40,office wear,Summer,"shorts,shoes,joggers,shirts",jeans,Zara,belt
1d109a40,India,Female,18-25,daily wear,Summer,"flipflop,fashion,joggers,tshirt",shirt,Nike,shoes
0635021a,Pakistan,Male,18-25,sports wear,Autumn,"tshirt,flipflop,shorts,fashion",shoes,Addidas,socks
91384442,Pakistan,Male,30-40,office wear,Winter,"syndo,shoes,shirts,fashion",flipflop,Outfitters,tshirt
08c85953,India,Female,18-25,sports wear,Summer,"shoes,fashion,gens,syndo",shorts,Addidas,flipflop
9ac40166,UAE,Male,18-25,office wear,Summer,"flipflop,tshirt,gens,shorts",shoes,Addidas,socks
6f4641a2,India,Female,40+,daily wear,Summer,"shirts,jeans,shoes,gens",shoes,Nike,joggers
